region_id,illumination,elevation,slope,size
4,0.0,-861.7586206896551,7.1391375969196185,29
7,0.0,-1148.9350728155339,17.150568456325715,206
8,0.0,-1092.3783783783783,9.223114567833978,37
10,0.0,-539.1911764705883,3.4465921976987053,17
19,0.0,-2417.922244094488,17.716236790334147,127
22,0.0,-2311.96875,6.656757136185964,24
23,0.0,-2252.4661458333335,12.300739934047064,48
33,0.0,-1700.8995535714287,9.054492022309985,56
35,0.0,-2246.3775,18.24584632873535,50
39,0.0,-663.93125,19.674011850357054,20
41,0.0,-899.768,16.098393087387084,125
45,0.0,4747.828125,7.566535282880068,32
47,0.0,4960.289473684211,11.27942250904284,38
52,0.0,-562.4791666666666,8.523471514383951,18
78,0.0,-585.0340909090909,9.285395015369762,11
86,0.0,-1878.8648867313916,11.284492127717892,309
103,0.0,-2300.902777777778,11.912150628036922,18
117,0.0,-2320.167861409797,14.280632857068607,837
130,0.0,5030.615384615385,8.948351273169884,26
131,0.0,-1300.0755208333333,16.162747725844383,48
138,0.0,-2207.86,11.028989448547364,25
156,0.0,-2233.6341463414633,10.181368253579954,164
158,0.0,4721.140330188679,9.30798340630981,106
163,0.0,-2299.0897435897436,8.318276710999317,39
169,0.0,430.375,9.23962437022816,11
183,0.0,-963.385,13.884286022782327,25
194,0.0,4837.937182741117,12.1825497380368,197
197,0.0,-905.0078125,7.227464318275452,16
207,0.0,-889.0657894736842,15.167780223645662,19
209,0.0,-114.32127867935087,10.8349625308569,1787
211,0.0,-446.375,16.24755545457204,12
216,0.0,4975.77734375,7.84605497866869,64
226,0.0,-2270.2321428571427,11.91713125365121,14
227,0.0,4868.681818181818,14.344987869262695,11
233,0.0,-942.5861111111111,9.534728250900905,90
238,0.0,4675.68246561886,18.193986378741872,509
242,0.0,-2283.93125,17.3715749502182,20
243,0.0,-2293.852083333333,17.516328008969626,60
251,0.0,-951.7840909090909,8.63191244277087,11
273,0.0,-2230.5227272727275,6.9277736869725315,11
282,0.0,-919.1973684210526,14.065748365301834,19
292,0.0,-807.7916666666666,19.520852378770417,51
320,0.0,4410.465955284553,12.611929744239745,246
332,0.0,-1647.048076923077,7.989724489358755,13
334,0.0,-2144.5015625,9.05640069693327,160
337,0.0,-960.2666666666667,11.914928023020426,15
342,0.0,4544.846875,16.43031353652477,40
354,0.0,5253.789473684211,8.81048718983667,57
363,0.0,-890.8229166666666,12.209515710671743,12
364,0.0,-2210.6875,14.6822718779246,12
372,0.0,408.9642857142857,9.102837451866694,28
374,0.0,-900.7211538461538,7.737416469133818,13
383,0.0,3562.125,12.871330874306816,14
384,0.0,-1657.9910714285713,9.956010988780431,14
385,0.0,-920.7708333333334,9.579714258511862,42
389,0.0,418.3181818181818,7.147178823297674,11
391,0.0,-2171.681603773585,19.33858773393451,53
394,0.0,-949.2857142857143,15.897074199858165,21
399,0.0,10.795454545454545,18.727406111630525,11
410,0.0,-2219.3121921182264,9.778499115864044,203
411,0.0,4247.817913385827,7.675266889136608,127
413,0.0,-880.5803571428571,7.082822476114545,14
417,0.0,4735.890350877193,16.848553238512828,684
419,0.0,-1109.860606060606,23.00816129915642,165
420,0.0,360.12142857142857,11.932193865094867,35
426,0.0,-937.6824324324324,9.843734373111982,74
432,0.0,4755.43875,19.71782354593277,100
444,0.0,-603.3671875,10.052843738347292,16
474,0.0,-1735.84765625,23.11556175351143,64
485,0.0,4934.346153846154,14.135019595806416,13
492,0.0,-1977.804347826087,15.181006716645282,46
502,0.0,-2045.7403846153845,13.61549294911898,13
504,0.0,4918.508333333333,8.34386412302653,15
519,0.0,-2210.1875,12.668352736367119,18
527,0.0,-1961.7043918918919,21.159290584358008,74
544,0.0,-2258.8225806451615,23.439627247471964,62
551,0.0,5004.6973684210525,7.824840934653031,19
560,0.0,-2217.394230769231,13.527012274815487,13
561,0.0,-2192.173387096774,7.559633958724238,31
570,0.0,-608.5271739130435,17.105939095434934,92
602,0.0,-973.9593023255813,8.774992847165397,129
605,0.0,4710.2276062753035,8.844718083135994,988
623,0.0,231.13480392156862,9.96411029030295,51
634,0.0,-880.9166666666666,12.455709711710613,15
651,0.0,1394.4881874810087,17.553761980356832,3291
659,0.0,-2229.122159090909,15.247034639120102,44
668,0.0,-335.2269736842105,7.63348208603106,38
670,0.0,-2211.2115384615386,8.922401584111727,65
682,0.0,5111.596359223301,9.59122943801498,1030
691,0.0,-422.0304820415879,9.606166210539625,529
697,0.0,4875.197916666667,11.203174114227295,12
699,0.0,-845.1339285714286,12.91072314126151,14
702,0.0,-2231.818181818182,11.143501801924272,11
709,0.0,5195.3125,10.292640797793865,32
716,0.0,4826.395833333333,8.470712025960287,12
719,0.0,-880.9255319148937,12.087295633681277,47
720,0.0,-1032.377192982456,11.244457834645322,57
730,0.0,-627.0378647214854,11.72348700376025,1885
732,0.0,3509.056818181818,10.134334003383463,22
739,0.0,185.92307692307693,14.696722287398119,156
743,0.0,1567.6041666666667,6.751037160555522,12
745,0.0,40.825,18.008048343658448,15
747,0.0,-2219.6953125,11.335015051066875,16
758,0.0,-492.95416666666665,7.896437177062035,30
763,0.0,4751.2692307692305,8.30234276331388,13
774,0.0,3027.676470588235,15.620630937464098,34
796,0.0,4705.388888888889,15.515623304578993,18
806,0.0,5069.055288461538,6.73627607100285,260
814,0.0,-2231.5916666666667,15.490092213948568,15
823,0.0,-865.5166666666667,9.135879135131836,15
827,0.0,448.28,8.322190214792887,75
840,0.0,4573.105292792793,8.140206540490055,222
846,0.0,-360.875,16.96422129869461,16
858,0.0,-524.7272727272727,14.301752827384256,11
871,0.0,-466.34722222222223,8.313515680807608,27
875,0.0,5007.7225,10.564605872035026,200
876,0.0,4589.259854771784,10.387544905743658,241
887,0.0,4931.067307692308,7.69499422953679,13
895,0.0,4929.0192307692305,9.892592044977041,13
896,0.0,5322.880434782609,18.312635898590088,23
899,0.0,5344.197916666667,7.596808870633443,12
914,0.0,5284.768835616438,7.6105899484190225,73
918,0.0,5230.146505376344,19.847543224211663,93
928,0.0,-2065.5940366972477,9.853934227873426,109
942,0.0,-597.8981481481482,15.43793315357632,27
943,0.0,-439.0681818181818,11.714934506199576,22
946,0.0,5604.092592592592,10.297259825247306,27
972,0.0,5008.726083032491,7.99509484673235,277
975,0.0,1767.4786585365853,10.107488783394418,41
983,0.0,-1429.9097222222222,17.72130642996894,18
986,0.0,1761.28125,4.925610810518265,12
989,0.0,-505.58653846153845,13.220042558816763,13
994,0.0,5204.4375,11.362365086873373,12
1021,0.0,-298.6397058823529,7.234044499257031,17
1026,0.0,5417.119565217391,8.79054788816296,483
1038,0.0,4577.454268292683,17.997232251050995,41
1039,0.0,5130.026315789473,11.9001456436358,19
1044,0.0,-282.99415656690576,12.584112841389924,4043
1059,0.0,1716.6818181818182,10.012175343253396,11
1063,0.0,5354.5075,9.20921080827713,50
1064,0.0,1729.9802631578948,7.868611450258054,38
1073,0.0,1149.8977272727273,17.41223213889382,11
1074,0.0,-380.95238095238096,6.821293180897122,21
1081,0.0,601.2386363636364,13.996198480779475,11
1087,0.0,-645.3927419354839,11.172184420016505,155
1091,0.0,5185.2578125,13.335389718413353,32
1101,0.0,-2046.2954545454545,11.28228480165655,11
1103,0.0,4945.738636363636,18.550917827721797,33
1106,0.0,5243.056547619048,14.476228717395237,210
1117,0.0,-2141.8645833333335,15.12625273068746,12
1125,0.0,-582.8561320754717,7.902984285410845,212
1140,0.0,5408.421875,11.151082575321198,16
1148,0.0,-789.9,9.102311611175537,15
1153,0.0,-359.4801724137931,11.31565030936537,145
1157,0.0,1000.1986607142857,9.854572313172477,112
1161,0.0,5041.175,14.284077377319337,25
1163,0.0,5128.732142857143,7.578741482325962,28
1172,0.0,5091.229619565217,10.259873286537502,92
1176,0.0,-595.1770833333334,17.057584444681805,12
1182,0.0,5021.447916666667,10.518141031265259,12
1186,0.0,-883.5416666666666,14.259134213129679,12
1195,0.0,-984.3014705882352,18.210476258221796,17
1196,0.0,657.6153846153846,8.081813683876625,13
1205,0.0,-661.5147058823529,9.265558186699362,17
1211,0.0,-2023.475,15.795878632863362,15
1224,0.0,5205.279166666666,17.02346183458964,30
1235,0.0,5023.412514318442,22.1464944212616,2619
1258,0.0,5189.85,7.680604238510131,25
1259,0.0,-139.1346153846154,14.080082251475407,13
1266,0.0,-190.7283653846154,7.116677841314902,52
1276,0.0,-1933.4510869565217,8.880393263222516,138
1277,0.0,4552.795454545455,8.998164090243252,11
1278,0.0,4789.401785714285,6.498328685760498,14
1282,0.0,-633.2675438596491,8.61071180879024,57
1284,0.0,5104.361111111111,6.8305711525457875,27
1338,0.0,-565.4264705882352,8.077355160432703,17
1339,0.0,-920.9387755102041,11.965841556081967,49
1341,0.0,-487.60701438848923,11.582006593059292,1390
1343,0.0,4702.098214285715,6.435847425035068,56
1345,0.0,5038.28125,9.605056583881378,16
1350,0.0,-213.05,17.911320571899413,25
1352,0.0,4984.352011494253,21.883327960968018,87
1371,0.0,5124.039179104478,8.02299724363569,67
1375,0.0,-1502.633552631579,9.392178084975795,190
1384,0.0,652.8833333333333,11.39765640894572,15
1388,0.0,4266.524193548387,6.723137801693332,31
1395,0.0,-790.4642857142857,8.384431889397757,175
1406,0.0,4884.270833333333,7.673128710852729,18
1415,0.0,-301.35227272727275,7.99539624560963,11
1454,0.0,-668.5044642857143,11.506171822547913,28
1455,0.0,-687.4431818181819,12.683831995183771,11
1457,0.0,650.5673076923077,7.225152510863084,13
1458,0.0,716.25,13.957395366259984,14
1470,0.0,-455.63461538461536,20.22657299041748,13
1471,0.0,-475.05555555555554,10.168713857509472,135
1481,0.0,-630.6372626582279,11.127792616433736,316
1485,0.0,-1209.7285714285715,16.27905887876238,35
1495,0.0,5200.478155339806,18.71217800807027,103
1505,0.0,-270.05,8.669005904793739,50
1506,0.0,5454.684895833333,10.545247282832861,240
1563,0.0,830.3199479940565,13.308044117957044,3365
1597,0.0,5018.829545454545,12.636982527646152,11
1630,0.0,5227.736111111111,11.839042204397696,27
1642,0.0,-715.4741379310345,6.302640769759129,58
1663,0.0,5016.381578947368,14.755631258613185,19
1714,0.0,854.7291666666666,10.901099880536398,12
1716,0.0,5619.207142857143,12.765988940284366,105
1719,0.0,-407.9642857142857,14.454721450805664,21
1720,0.0,-582.9606299212599,10.699107820593467,127
1727,0.0,-69.91666666666667,14.583484609921774,12
1728,0.0,-1673.642857142857,16.66341227576846,21
1736,0.0,1374.46875,6.547898173332214,12
1739,0.0,5136.045454545455,7.004402615807273,11
1761,0.0,4986.59375,12.954768002033234,12
1769,0.0,4688.6889880952385,7.354792802816346,84
1776,0.0,4927.295673076923,18.538816949495903,52
1832,0.0,5464.8735,7.980826906263828,250
1839,0.0,-561.8076923076923,11.279684873727652,13
1869,0.0,5382.66875,7.729552268981934,20
1877,0.0,-2365.6172897759216,11.512197271173722,12451
1890,0.0,-1255.426282051282,12.178535855733431,117
1907,0.0,-749.2822580645161,11.972589631234445,31
1909,0.0,68.64979892761394,12.790539009002195,373
1949,0.0,5107.302083333333,11.95232101281484,12
1955,0.0,-1283.0365700593336,18.766176544384887,2191
1973,0.0,5335.427083333333,9.236928502718607,12
1995,0.0,-1310.7887376237625,8.625161258359947,1010
2015,0.0,4902.135416666667,6.56624178091685,12
2018,0.0,-1717.9807692307693,19.379032428448017,13
2032,0.0,-2272.1346153846152,7.739657645042126,26
2058,0.0,4852.6953125,6.650123335421085,16
2074,0.0,5658.466269841269,8.450892115396167,63
2088,0.0,1394.5560344827586,6.226505277485683,29
2100,0.0,-237.93333333333334,13.83339630762736,15
2117,0.0,-1405.811230248307,6.540312984457942,443
2118,0.0,-980.5989583333334,17.01548867424329,24
2144,0.0,4860.169642857143,17.06062470163618,14
2160,0.0,1327.158536585366,18.987797428921954,41
2163,0.0,4572.183333333333,7.419064966837565,15
2184,0.0,5042.942307692308,17.251223967625545,39
2196,0.0,-1407.125,8.022085053580147,14
2198,0.0,6024.920454545455,15.917115493254228,11
2206,0.0,4857.636096559536,26.28457378757991,7063
2233,0.0,-571.4791666666666,11.146270275115967,12
2243,0.0,-973.2053571428571,15.148532526833671,14
2247,0.0,-272.0043424317618,15.980344969492693,403
2258,0.0,5476.3488372093025,8.145264206930648,43
2270,0.0,-2830.342331581462,14.524347463265823,2093
2271,0.0,-1185.0153846153846,15.46795622752263,65
2273,0.0,-1399.2954545454545,10.653610554608433,11
2286,0.0,5124.526119402985,6.89426014983832,134
2290,0.0,-942.5,15.95966821057456,28
2292,0.0,-1359.0267857142858,9.38385157074247,14
2299,0.0,-1422.5501988578421,23.660871593168796,4903
2301,0.0,-1413.7613636363637,15.793206908486106,11
2312,0.0,-586.2232142857143,7.549798011779785,14
2320,0.0,-1676.4595038307186,12.98338667292179,2741
2346,0.0,5090.2,7.538755861918132,15
2359,0.0,996.545,14.015692663192748,25
2366,0.0,5186.176470588235,8.566564489813413,17
2383,0.0,-955.9672693266833,9.927868651927557,401
2396,0.0,5079.440789473684,6.924790997254221,19
2417,0.0,-692.9529569892474,9.016973963347814,93
2430,0.0,4916.349489795918,10.058775814212098,49
2439,0.0,6468.161830357143,8.414537983281273,224
2444,0.0,-2811.3485294117645,8.025089662495782,850
2454,0.0,6580.0625,10.633204638957977,12
2491,0.0,-2904.6583333333333,10.380155722300211,15
2494,0.0,-570.0546875,14.134330153465271,16
2497,0.0,6202.178571428572,7.116599440574646,14
2508,0.0,-1329.9479166666667,13.889776110649109,12
2517,0.0,-1971.840909090909,9.082077113064853,11
2527,0.0,-1013.3618421052631,14.394532973306221,57
2535,0.0,2475.080882352941,17.136980309205896,34
2555,0.0,6176.654094827586,9.218991801656525,116
2562,0.0,-2002.6875,8.095170736312866,12
2567,0.0,-1113.3618421052631,7.935756068480642,19
2576,0.0,-148.47916666666666,8.573377026451958,18
2596,0.0,-2146.0390625,10.760409832000732,16
2607,0.0,-2169.4166666666665,13.943127791086832,12
2609,0.0,967.7290178571428,7.646597017241376,280
2620,0.0,-1005.7025862068965,17.148843206208326,29
2634,0.0,-1196.8428571428572,16.56020851135254,35
2638,0.0,-2300.990625,9.288987989723683,80
2650,0.0,-2910.181818181818,6.2291424382816665,11
2656,0.0,-2266.628787878788,18.496511762792412,33
2658,0.0,-2895.3552631578946,4.568515208206679,19
2669,0.0,1553.507075471698,7.811117073275009,53
2679,0.0,-2911.085,5.492982935905457,25
2688,0.0,-2819.2849165549937,10.16672309877011,88801
2743,0.0,-1231.2942567567568,8.610318509871895,370
2748,0.0,1474.235380116959,7.067984510234922,171
2758,0.0,-3020.595894607843,9.04005676124464,408
2768,0.0,961.0568181818181,5.79294578595595,11
2770,0.0,-1237.9256756756756,22.306836179784828,37
2772,0.0,-3233.285057514757,7.7523763951799936,13214
2793,0.0,-2883.1875,7.814021190007527,12
2807,0.0,-2364.4479166666665,11.064833720525106,12
2808,0.0,-2414.6339285714284,12.407665286745344,14
2809,0.0,6053.364416475973,15.299565925205327,437
2813,0.0,-2702.505681818182,15.14372176473791,88
2814,0.0,-252.075,8.516981387138367,20
2821,0.0,-1803.3402777777778,12.933065710244355,54
2828,0.0,1463.8352272727273,7.816026080738414,22
2833,0.0,-2738.6375816993464,11.382584919717187,1530
2842,0.0,-2431.6008771929824,10.042061845461527,57
2843,0.0,-2900.413043478261,6.154224362062371,46
2844,0.0,1513.4551886792453,8.82333358578712,159
2869,0.0,1545.7692307692307,7.962358878209041,13
2877,0.0,-2534.195652173913,17.521806779115096,23
2888,0.0,-2636.5875765696783,11.425097567404393,1306
2898,0.0,1406.8333333333333,6.916718196868897,15
2904,0.0,1599.1395228215767,13.447901507012578,964
2937,0.0,-2785.3492647058824,7.620464518666267,68
2954,0.0,-279.70350985221677,13.558438521887869,406
2961,0.0,1397.2222222222222,8.391183390220005,180
2980,0.0,-2891.472972972973,14.90555725226531,148
2984,0.0,1358.8358208955224,8.830892619801991,67
2987,0.0,-1343.2661943319838,12.969460567865996,2717
3005,0.0,-2830.2604166666665,8.738132132424248,36
3007,0.0,1347.450892857143,13.910706877708435,28
3026,0.0,5904.332720588235,7.535139683414908,68
3029,0.0,-2502.909722222222,6.9244041840235395,18
3046,0.0,1584.962962962963,5.585497238017894,27
3066,0.0,1335.0078125,10.518584817647934,16
3068,0.0,5478.3125,16.32124439875285,18
3070,0.0,-2826.944813829787,7.326783872031151,188
3079,0.0,-2644.878260869565,8.546019394501396,115
3084,0.0,1289.375,9.582099262873331,15
3094,0.0,942.7274133663366,12.018323633398726,2424
3098,0.0,6521.208726415094,10.559169637707045,106
3122,0.0,-3301.9479166666665,9.04001792271932,12
3141,0.0,-2871.7057291666665,6.9402114152908325,48
3147,0.0,1220.3153846153846,8.446837253753955,65
3171,0.0,-17.264423076923077,12.332543327258183,26
3178,0.0,4431.488636363636,9.784249240701849,22
3180,0.0,695.1672535211268,17.65227206827889,71
3184,0.0,1452.534090909091,5.984582250768488,11
3205,0.0,6195.602272727273,10.91913635080511,11
3209,0.0,316.47727272727275,13.537452871149236,11
3211,0.0,848.525,9.930181376139323,15
3216,0.0,-2804.3310810810813,20.88837479256295,37
3226,0.0,-2723.701923076923,13.082613248091478,13
3229,0.0,6150.0016025641025,18.09645284139193,78
3232,0.0,-827.5909090909091,14.98250588503751,11
3235,0.0,5668.74609375,7.8484895676374435,32
3243,0.0,1330.9523401826484,6.92458469179123,438
3282,0.0,4678.922321428571,13.509817680290768,280
3285,0.0,1872.315,6.756131982803344,25
3290,0.0,1142.2867647058824,8.14027025419123,34
3302,0.0,-2846.32,7.3245691009362535,75
3303,0.0,-3460.468075927524,8.293407896708784,1159
3305,0.0,814.3308823529412,8.40166145142387,85
3312,0.0,-2976.5261130136987,10.062993748955531,292
3314,0.0,1609.5955882352941,11.790991138009463,17
3330,0.0,-16.03846153846154,11.67649558874277,13
3380,0.0,5726.98125,7.261090534925461,20
3381,0.0,-548.2159090909091,8.267889716408469,11
3391,0.0,499.109375,13.269674986600876,16
3392,0.0,1204.1130952380952,11.72953190122332,21
3401,0.0,-20.0375,10.200919437408448,20
3406,0.0,-2877.0022123893805,8.50468345447979,113
3414,0.0,-1027.0833333333333,10.783229080835978,15
3419,0.0,5712.658277870216,10.612137565596925,1803
3423,0.0,5851.025423728814,9.526229421971207,59
3436,0.0,897.5083333333333,18.621311092376708,15
3437,0.0,1201.154702970297,6.312881037740424,101
3442,0.0,138.22321428571428,14.43346596615655,28
3455,0.0,-735.7083333333334,15.964104016621908,21
3463,0.0,-645.358552631579,9.779389795504118,38
3511,0.0,-2993.964285714286,17.243064948490687,14
3515,0.0,1117.3938053097345,6.701778232260088,226
3545,0.0,1152.9926470588234,8.788504979189705,51
3557,0.0,1218.892857142857,9.666491883141655,14
3562,0.0,1211.8187984496124,7.855933301208555,129
3565,0.0,6563.891304347826,25.506860733032227,46
3577,0.0,5854.50625,12.801891613006593,20
3578,0.0,1783.6658163265306,14.138761938834676,49
3579,0.0,-1299.610119047619,19.027693887551624,84
3585,0.0,5813.73,14.922120132446288,25
3587,0.0,-727.1145833333334,11.85679026444753,12
3591,0.0,-2875.2440476190477,7.126276640664964,21
3592,0.0,1086.57421875,8.341527388534612,288
3608,0.0,6280.190028901734,7.14456862245681,173
3620,0.0,1359.9934210526317,8.383210985284103,19
3634,0.0,5052.075,17.112632497151694,15
3637,0.0,4833.227272727273,12.714624708349055,11
3656,0.0,-3358.2514781966,8.960548659191858,5412
3661,0.0,5048.625,7.382561922073364,11
3664,0.0,4196.447916666667,7.029766301314036,12
3671,0.0,1089.767857142857,9.50321608497983,63
3689,0.0,-469.890625,17.022886514663696,16
3699,0.0,-3533.9296875,9.686931729316711,16
3719,0.0,5995.176515151516,12.6192620566397,165
3722,0.0,-816.40625,16.21827777226766,12
3734,0.0,1237.3333333333333,6.92223596572876,12
3742,0.0,-602.6760563380282,13.66055712229769,71
3744,0.0,5039.4325,11.802782063484193,50
3745,0.0,1170.4864864864865,6.988659555847581,37
3755,0.0,5721.057180851064,18.42650237489254,94
3767,0.0,-2890.309027777778,9.998169226778877,36
3772,0.0,-2194.525679024343,15.669908072550198,20581
3790,0.0,-3274.7361111111113,7.786403510305616,18
3797,0.0,-3593.076248049922,10.675179216243594,2564
3801,0.0,999.6532762938231,14.481754898651813,1198
3839,0.0,-1640.3541666666667,10.20259952545166,12
3841,0.0,-2890.3035714285716,9.984185355050224,21
3844,0.0,4897.125,11.553307679983286,13
3858,0.0,457.9625,6.621870040893555,20
3867,0.0,6151.854166666667,9.00191038563138,42
3869,0.0,5389.532110091744,8.750108607318424,109
3884,0.0,1239.1467391304348,7.256802298884461,69
3887,0.0,4316.564814814815,20.542414170724374,27
3888,0.0,201.6764705882353,12.405505432802087,17
3899,0.0,-2812.378205128205,6.657198251822056,39
3900,0.0,-2913.3630952380954,6.211713654654367,21
3914,0.0,125.91409691629956,8.87268771053936,227
3924,0.0,-843.8524305555555,14.92071631219652,72
3929,0.0,1074.3375,6.357203090190888,20
3931,0.0,-2968.6354166666665,6.927029515306155,12
3944,0.0,1298.4375,11.400861092976161,14
3965,0.0,1141.5654761904761,11.06287720089867,21
3966,0.0,2027.640625,16.01221203804016,16
3978,0.0,1038.195945945946,6.83169757353293,37
3986,0.0,716.6023605742683,10.411723693325696,3622
3996,0.0,747.6802325581396,20.596204009166982,43
4003,0.0,-1093.5485074626865,11.735986168704816,67
4019,0.0,6340.2067307692305,7.568187741132883,26
4022,0.0,974.2916666666666,6.179075427850088,120
4028,0.0,1044.3325501253132,13.861104579731112,1596
4031,0.0,6650.201923076923,7.255440977903513,26
4034,0.0,-2940.5920138888887,6.445095611943139,72
4040,0.0,-3569.5452127659573,8.861329223247285,47
4073,0.0,6297.041666666667,5.575000445048015,12
4074,0.0,4902.99375,9.080996322631837,20
4077,0.0,-3536.561421435059,8.770576770986676,1101
4078,0.0,943.81,14.501176233291625,50
4090,0.0,-3017.432142857143,6.182103143419538,35
4091,0.0,3846.788732394366,5.459414458610643,71
4096,0.0,988.0568181818181,7.175201871178367,11
4097,0.0,654.6430821278582,8.730549626021089,2143
4102,0.0,-1246.3173076923076,10.654129761915941,13
4105,0.0,946.8819444444445,7.756712933381398,72
4109,0.0,-1659.4191176470588,18.322969773236444,17
4119,0.0,2081.8908730158732,14.239159519710238,126
4131,0.0,1063.0988805970148,9.407906169025459,201
4155,0.0,1044.5051020408164,17.407572157528936,49
4169,0.0,928.5,6.2187285497784615,32
4174,0.0,-1330.5833333333333,14.953952593681139,78
4175,0.0,-1303.75,7.915314945307645,11
4192,0.0,6665.451923076923,7.311050561758188,13
4202,0.0,899.3636363636364,16.696801098910246,33
4263,0.0,1021.0527718550106,14.09666785985422,469
4267,0.0,3185.752815610267,12.17803349758456,1909
4273,0.0,655.6979166666666,12.116914431254068,12
4280,0.0,-2056.28125,9.97786714633306,12
4286,0.0,3444.9210526315787,5.846655161757218,19
4311,0.0,-2896.5882352941176,7.760044146986568,17
4323,0.0,6505.25,7.811531503995259,18
4335,0.0,25.625,12.29804216325283,16
4336,0.0,917.5735294117648,11.113641009611243,17
4340,0.0,1037.7484008528784,6.516033427674633,469
4354,0.0,3438.484375,8.415537158648172,24
4356,0.0,571.7272727272727,8.438024943525141,44
4357,0.0,-3223.9416666666666,8.28251923720042,15
4360,0.0,-2864.2916666666665,8.78660790125529,12
4369,0.0,470.453125,9.964908324182034,16
4374,0.0,3462.1204887218046,9.172628168459225,665
4375,0.0,922.1964285714286,8.334336655480522,14
4376,0.0,3950.997619047619,7.411989189045769,105
4383,0.0,-3464.9068938193345,7.826408253631388,1262
4393,0.0,615.0625,5.253397583961487,14
4416,0.0,2422.9333333333334,14.666534129778544,30
4423,0.0,528.9615384615385,12.015950643099272,13
4452,0.0,2414.7083333333335,3.5793680995702744,12
4457,0.0,-2065.8125,12.816037450517927,14
4465,0.0,-3142.549019607843,14.55520461587345,51
4469,0.0,603.4027777777778,14.583540942933825,18
4474,0.0,5575.204207920792,11.686320095959276,202
4475,0.0,6341.545454545455,14.695559068159623,11
4478,0.0,-3623.391666666667,16.120171324412027,15
4486,0.0,-3560.904411764706,9.545167305890251,17
4490,0.0,585.875,6.060514413393461,13
4494,0.0,2393.2701612903224,4.099392485234045,31
4514,0.0,826.6206896551724,6.019344050308754,29
4525,0.0,557.125,6.7870702520012856,16
4528,0.0,1562.3035714285713,5.7990776641028265,14
4538,0.0,525.5,11.192665403539484,22
4553,0.0,2381.5795454545455,6.796788172288374,11
4561,0.0,832.875,7.232049544652303,12
4565,0.0,5497.708545918367,13.207198877419744,196
4596,0.0,3929.4910714285716,7.615668909890311,14
4600,0.0,664.540909090909,11.991353598507969,55
4609,0.0,-3328.26171875,8.429584172332572,672
4614,0.0,495.7413793103448,10.615080685451113,29
4632,0.0,2545.7109375,8.668410003185272,16
4647,0.0,2644.7386363636365,10.124401135878129,11
4657,0.0,2623.6924603174602,5.615099917486231,189
4664,0.0,599.3671875,8.35298576951027,16
4666,0.0,440.0357142857143,5.8376974775677635,21
4676,0.0,-3619.0875,9.198851811885834,20
4688,0.0,1603.9611344537816,22.39268296105521,119
4695,0.0,964.6728723404256,19.038418516199638,47
4710,0.0,-3187.8494791666667,8.445937158539891,960
4732,0.0,656.7596153846154,7.056961426368127,13
4737,0.0,-3582.029411764706,13.933940635007971,17
4744,0.0,501.17783505154637,6.372852110371147,97
4773,0.0,782.8295454545455,15.056692621924661,11
4774,0.0,1177.240909090909,23.930654387040573,110
4775,0.0,2495.534722222222,13.279208699862162,18
4781,0.0,418.3388888888889,15.034326299031575,45
4786,0.0,2547.980631092868,13.806076499270805,1949
4787,0.0,654.25,8.247083967382258,22
4791,0.0,-3694.2884615384614,14.0843282021009,13
4795,0.0,1895.328125,5.894770383834839,16
4801,0.0,-3438.029895666132,13.077944343009692,623
4815,0.0,734.7718253968254,10.906368933026753,63
4830,0.0,1897.0294117647059,5.669180203886593,34
4845,0.0,-3011.220238095238,6.354926745096843,21
4848,0.0,-3607.7595541401274,13.335166485193175,471
4852,0.0,1836.5405405405406,14.253360456711537,74
4859,0.0,-3428.277777777778,17.51659385363261,18
4860,0.0,-3415.171875,15.30825212597847,16
4896,0.0,1695.4583333333333,23.0597301379979,171
4898,0.0,1061.8945895522388,6.589737428658045,134
4900,0.0,5625.338362068966,6.475182591841139,290
4907,0.0,2352.2091144149967,11.764660715151388,1547
4915,0.0,1839.4066666666668,6.637358504136404,75
4917,0.0,2658.9405063291138,5.242697160379796,395
4926,0.0,-3479.331497797357,7.80049469082366,227
4959,0.0,1524.375,18.9779855410258,12
4960,0.0,589.1057692307693,14.22528626368596,13
4970,0.0,3799.2432432432433,8.025740961770754,37
4971,0.0,-496.11486486486484,8.937494555035153,37
4972,0.0,-1970.1979166666667,16.190752665201824,12
4974,0.0,-3736.665,16.4917126083374,25
4981,0.0,-3817.809210526316,8.808493789873625,19
4992,0.0,4812.567796610169,4.137319074091264,118
4996,0.0,-3285.8121710526316,9.20858999490738,380
5007,0.0,1119.149193548387,5.235231390883846,62
5018,0.0,-3226.765625,18.60260707139969,16
5045,0.0,-3768.657894736842,7.72066573092812,19
5047,0.0,-3667.281746031746,8.150508373371297,567
5048,0.0,761.5833333333334,15.94288158416748,15
5052,0.0,2543.12,18.541139221191408,25
5064,0.0,1089.9926470588234,4.056883889086106,34
5073,0.0,1244.6478794642858,6.998775872268847,224
5131,0.0,408.775,6.281573667526245,25
5137,0.0,5249.711805555556,19.692969520886738,36
5157,0.0,2566.0,10.412987913404192,14
5164,0.0,-3841.1979166666665,16.407570362091064,12
5172,0.0,-3158.0104166666665,11.155571858088175,12
5174,0.0,-3497.2083333333335,12.129681666692099,12
5178,0.0,631.0104166666666,16.43005614148246,36
5189,0.0,-2925.4134615384614,15.430907359490028,13
5199,0.0,742.8138888888889,3.586670598718855,45
5213,0.0,-3772.1022727272725,11.59202241897583,11
5233,0.0,1398.1923076923076,11.109023002477793,13
5242,0.0,600.1607142857143,4.737593853473664,35
5260,0.0,-3815.354319739123,13.119023292833578,12113
5294,0.0,-3608.3958333333335,8.981739203135172,12
5299,0.0,668.8377659574468,5.556138245349235,47
5304,0.0,-3725.703125,6.6619652807712555,16
5316,0.0,441.984375,7.115363270044327,16
5332,0.0,367.734375,8.564378321170807,16
5364,0.0,404.63461538461536,5.773570592586811,13
5370,0.0,-3594.746875,10.18720415905118,40
5371,0.0,-3737.169117647059,11.701883287990794,17
5377,0.0,-1457.81,12.275730171203612,25
5391,0.0,524.6136363636364,4.710810292850841,11
5395,0.0,499.0416666666667,4.046716573692503,21
5398,0.0,-3690.027777777778,7.343237996101379,18
5405,0.0,1880.659090909091,5.240779616615989,11
5415,0.0,396.22727272727275,5.723891171542081,11
5417,0.0,2940.3937969924814,21.351374869507953,133
5422,0.0,1875.1442307692307,8.473718001292301,13
5436,0.0,477.3068181818182,5.39186138456518,22
5450,0.0,441.2931034482759,11.4277296559564,29
5462,0.0,-3736.53125,9.226284903287887,20
5463,0.0,1914.107142857143,14.571677139827184,14
5467,0.0,1191.9527173913043,15.640254679818948,1380
5479,0.0,428.3780487804878,9.839589211998916,41
5508,0.0,2285.2,7.689442026615143,20
5543,0.0,775.8736749116608,10.95945608994986,283
5573,0.0,2280.25,6.549076706171036,16
5574,0.0,-2988.3798076923076,12.09570231804481,52
5589,0.0,-430.4728260869565,7.597260682479195,23
5591,0.0,-2988.348404255319,9.072592136707712,47
5623,0.0,1755.2601351351352,20.45157612981023,37
5636,0.0,-1609.6517857142858,18.28240135737828,84
5637,0.0,-3892.5260336906586,7.775704460455302,653
5647,0.0,-3797.8303571428573,12.718990632465907,14
5648,0.0,-3754.6847826086955,11.414441813593326,23
5683,0.0,497.85523255813956,6.106676366440086,215
5691,0.0,263.07371794871796,6.040826300779979,39
5693,0.0,1362.6366071428572,8.09309716948441,140
5705,0.0,362.0,9.711307542664665,14
5807,0.0,-520.6422413793103,7.705418068787147,29
5814,0.0,1222.75,7.722335703232709,17
5816,0.0,501.837962962963,3.0554339321399175,108
5820,0.0,792.6666666666666,3.482316056736792,99
5845,0.0,1340.967105263158,4.78472143725345,19
5850,0.0,-2681.640625,15.01378983259201,16
5857,0.0,-2783.470588235294,15.907727465910071,17
5867,0.0,245.03392857142856,15.524003314971925,70
5886,0.0,2051.1863636363637,8.87095870104703,55
5895,0.0,-3280.5520833333335,19.471386114756267,12
5907,0.0,-443.62590579710144,12.40222040121106,138
5922,0.0,-60.494703389830505,5.142751524584778,590
5926,0.0,1336.5096153846155,9.5220517378587,13
5933,0.0,810.2495963401507,7.214574713656925,929
5940,0.0,1252.5625,5.823209684628707,26
5949,0.0,426.03409090909093,15.839547070589932,11
5950,0.0,281.38690476190476,11.21741278966268,21
5963,0.0,1878.2152777777778,16.453801949818928,18
5967,0.0,901.7607734018264,13.923269185403438,1752
5971,0.0,-3281.9048013245033,9.489892483547035,151
5980,0.0,-2445.520089285714,9.71304886681693,168
5986,0.0,-602.5783582089553,22.413790361205145,67
6005,0.0,1246.7708333333333,7.692446202039719,12
6045,0.0,1499.0542876901798,9.000436949490842,723
6055,0.0,715.5975,2.791284204721451,50
6079,0.0,805.1034482758621,6.999722471011096,29
6094,0.0,839.3139880952381,19.833805376575107,84
6100,0.0,-3883.1608490566036,8.036958754287575,265
6118,0.0,-3810.6796875,9.897571474313736,16
6119,0.0,-3780.8573369565215,7.0402122512459755,184
6124,0.0,1322.7916666666667,4.6195016006628675,24
6146,0.0,-3804.2083333333335,8.258720417817434,12
6149,0.0,782.2125,16.59073305130005,20
6151,0.0,883.9134615384615,7.853508875920222,13
6159,0.0,-77.36458333333333,7.077689091364543,12
6161,0.0,776.377688172043,5.589958764853016,93
6181,0.0,-2783.4692500678057,13.30832117619733,3687
6183,0.0,-3837.4508928571427,16.435455884252274,28
6195,0.0,-3864.842050209205,8.94129739545878,239
6201,0.0,-133.28330333033304,3.421206995838135,1111
6202,0.0,1280.907894736842,6.2714402273035885,57
6214,0.0,-358.6535714285714,10.70884576184409,70
6215,0.0,-1091.0822481957955,10.77187881827504,3187
6234,0.0,-3805.9494047619046,13.840584845769973,42
6253,0.0,-3948.065306122449,8.136475296734142,735
6263,0.0,-3769.977380952381,9.642867452757699,105
6265,0.0,975.4230769230769,13.276304905231182,13
6279,0.0,1144.4411764705883,14.84540836016337,51
6281,0.0,-370.20616930886086,22.64520352808465,27187
6294,0.0,-3875.137931034483,24.447470664978027,29
6300,0.0,800.3828125,9.21037958189845,32
6308,0.0,-4032.0384615384614,7.041633679316594,26
6312,0.0,769.7596153846154,5.153566429248223,13
6314,0.0,1071.28125,6.074387848377228,16
6320,0.0,511.71342592592595,9.329877444053137,540
6322,0.0,1658.531994047619,6.780120095681577,168
6324,0.0,-149.70833333333334,4.294758886098862,18
6328,0.0,-4035.25,21.76449080970552,72
6358,0.0,-3611.715277777778,8.528149684270224,18
6359,0.0,846.4885590015128,6.754952102893916,1322
6372,0.0,-3913.215336134454,8.23414325213232,476
6377,0.0,991.5,6.639028969933005,17
6383,0.0,-4036.2414285714285,6.5522499288831435,175
6413,0.0,1004.2483552631579,12.893963741628747,76
6425,0.0,774.1458333333334,8.728533617358973,1146
6455,0.0,-3755.6875,6.826608037948608,20
6470,0.0,671.7416666666667,7.515849272410075,15
6472,0.0,-1128.143341106076,7.009826082685609,68187
6474,0.0,61.093409267912776,18.835143407917005,5136
6490,0.0,-3842.8060344827586,9.035751141350845,58
6495,0.0,-476.0576923076923,7.671051538907564,13
6496,0.0,-445.75892857142856,4.977740066392081,14
6499,0.0,809.2205882352941,11.65389077803668,34
6501,0.0,943.7291666666666,6.880605022112529,12
6506,0.0,-2082.2115384615386,14.242656047527607,26
6527,0.0,-435.54411764705884,5.902510544833015,17
6533,0.0,2442.1458333333335,17.8192956050237,12
6536,0.0,-257.5486111111111,6.66641894976298,18
6540,0.0,1330.0795454545455,14.443704171614213,11
6543,0.0,-779.2451923076923,7.84264063835144,26
6561,0.0,-3789.012048192771,7.411252700420747,83
6574,0.0,646.4728260869565,16.87918862052586,23
6576,0.0,-2229.1052631578946,14.02229128385845,19
6577,0.0,940.4172413793103,6.568036125343421,290
6586,0.0,-2563.09,19.531067123413084,25
6596,0.0,-3958.1838235294117,16.585630472968607,17
6600,0.0,709.375,8.6513124193464,14
6601,0.0,-146.57983193277312,2.6336300995420006,119
6607,0.0,918.9642857142857,8.205636978149414,14
6611,0.0,-3467.8828125,10.155141294002533,16
6612,0.0,-3995.3839285714284,10.676928043365479,14
6634,0.0,2639.4719827586205,5.327521640678932,58
6642,0.0,-2220.715909090909,14.146832986311479,11
6646,0.0,226.3693309284658,10.869520850807248,39226
6656,0.0,678.2916666666666,9.378116877873738,15
6660,0.0,433.2763157894737,2.1771221631451656,19
6661,0.0,1000.7613636363636,6.870998380400918,55
6678,0.0,-3933.7502723311545,10.462032531601151,459
6682,0.0,745.7879464285714,7.753162073237555,56
6693,0.0,1550.1145833333333,9.705874641736349,12
6698,0.0,-674.5147058823529,18.937977257896872,17
6713,0.0,1147.412037037037,9.479646541454175,27
6714,0.0,-4062.666,8.805354815661907,625
6751,0.0,1250.323275862069,12.386507922205432,29
6784,0.0,-4112.6875,12.628207743167877,12
6800,0.0,287.7061591103507,10.658191544248366,2338
6817,0.0,1043.1354166666667,12.6544242699941,24
6822,0.0,-3746.907335907336,7.96047509683145,259
6825,0.0,973.40625,11.18926207224528,24
6838,0.0,-3895.9455128205127,6.053166548411052,39
6843,0.0,-930.7946110186616,20.49064702006883,33652
6863,0.0,-3764.0170454545455,7.549155148592862,22
6881,0.0,1443.2681686046512,13.02472486884095,172
6883,0.0,-3720.6438172043013,7.223260520606913,93
6887,0.0,-145.69230769230768,12.290473497830904,13
6913,0.0,-3647.8214285714284,8.12108885390418,42
6925,0.0,-213.41517857142858,15.777325204440526,28
6932,0.0,-3922.699074074074,7.199090321858724,27
6934,0.0,-3900.426470588235,8.102103823540258,102
6935,0.0,2185.375,15.808969378471375,16
6951,0.0,-182.8375,15.095640182495117,20
6972,0.0,-4044.967051630435,8.355147306928815,368
6977,0.0,-3881.207762557078,8.54524369490201,438
6979,0.0,-3904.109375,8.835737079381943,16
6981,0.0,-1064.5348101265822,8.177807067013994,79
6997,0.0,983.1572580645161,13.577205015767005,62
7003,0.0,-3806.5073529411766,6.866948267992805,17
7018,0.0,-484.69618055555554,18.28818593091435,72
7039,0.0,344.30555555555554,8.0119196706348,18
7047,0.0,595.25,14.158732560964731,13
7050,0.0,-3193.6634615384614,8.828860026139479,13
7060,0.0,1407.25,15.494479526172984,11
7068,0.0,356.5568181818182,9.514527440071106,22
7070,0.0,1747.4038461538462,15.368055582046509,26
7074,0.0,-3131.9383333333335,11.070116132100424,75
7080,0.0,-3819.875,9.532007773717245,21
7086,0.0,-3837.3878012048194,10.452523272439658,166
7097,0.0,-511.625,13.169954550266265,20
7101,0.0,-3866.7896341463415,8.535924644005007,41
7102,0.0,-3987.1375,11.080466629477108,170
7110,0.0,-3876.1448863636365,8.39631799134341,44
7129,0.0,843.8586956521739,13.493456716122834,23
7142,0.0,-3643.90204340163,10.875939647770316,4539
7146,0.0,160.69853896103896,17.12449368210066,4620
7150,0.0,-3935.1118421052633,8.237462445309287,19
7161,0.0,-3813.2740384615386,15.491907523228573,26
7168,0.0,-3087.5729166666665,14.46114675203959,12
7173,0.0,269.1458333333333,13.0731693704923,12
7180,0.0,-4002.4303797468356,8.902203642869297,158
7183,0.0,-565.3083333333333,15.332535139719646,15
7191,0.0,-487.3640180878553,3.5140421658908365,387
7192,0.0,-3128.0763888888887,13.153345690833198,18
7209,0.0,-746.9910714285714,12.507489579064506,14
7215,0.0,1730.044776119403,5.778370969331086,67
7222,0.0,925.265625,12.351027369499207,16
7225,0.0,4528.59375,9.310824900865555,12
7231,0.0,84.41666666666667,1.7848382194836934,12
7238,0.0,-3965.2386363636365,8.15031944621693,11
7243,0.0,-2719.3805506216695,10.35438601909974,1689
7252,0.0,911.125,6.388827309888952,17
7283,0.0,-3831.4140625,11.492645016312599,80
7288,0.0,-3873.7184579439254,7.626882051753107,321
7292,0.0,-3953.8076923076924,8.844892563728186,52
7294,0.0,-3835.8125,10.191800365845362,12
7310,0.0,-4106.635966542751,11.1819894852913,1345
7313,0.0,-981.5657894736842,14.119556903839111,19
7316,0.0,1631.159090909091,6.6254156611182475,11
7330,0.0,-3816.9537091121497,9.254979407432202,856
7354,0.0,-805.8389751552795,12.60421839589658,805
7371,0.0,-3785.525,16.110519536336263,15
7387,0.0,-3862.94,14.641785354614258,25
7396,0.0,-3800.3984375,12.771446377038956,16
7402,0.0,954.8690758293839,12.119543457144244,1055
7406,0.0,-3878.34,8.017750453948974,25
7408,0.0,-3976.1346153846152,6.864620988185589,26
7410,0.0,-439.83978873239437,16.355491090828263,71
7424,0.0,1041.765625,12.698189124464989,16
7428,0.0,4445.573529411765,12.298162404228659,17
7440,0.0,1571.4431818181818,13.327091260389848,11
7468,0.0,-220.0078125,13.81089586019516,16
7474,0.0,-3819.359375,7.216820170481999,24
7482,0.0,217.52678571428572,6.970618009567261,14
7488,0.0,-3835.1022727272725,7.33559064431624,11
7492,0.0,-2990.7890762763454,9.697817312157609,285816
7515,0.0,1249.7045454545455,7.747797640887174,11
7520,0.0,-218.83653846153845,2.9892701231516323,26
7542,0.0,1107.9204545454545,10.232174158096313,11
7548,0.0,-3960.3506944444443,7.190822488731808,36
7550,0.0,-1124.9375,13.723171302250453,14
7552,0.0,192.5333283847981,8.465669156943676,1684
7558,0.0,-226.9030172413793,3.9370740230741172,58
7567,0.0,-3795.4204545454545,18.522194743156433,22
7583,0.0,-1389.3891304347826,11.269889735138934,115
7592,0.0,1512.6344047619048,8.0399550396204,1050
7612,0.0,-241.0,2.6239712897099947,19
7613,0.0,-239.9090909090909,6.0337975025177,11
7645,0.0,-118.25114155251141,15.830459321606648,438
7661,0.0,-3913.2775,8.758045494556427,50
7668,0.0,-161.2403846153846,9.044363694313246,39
7691,0.0,-234.65833333333333,11.355126635233562,15
7692,0.0,-301.99305555555554,12.964771535661486,18
7695,0.0,-3965.740740740741,6.285773798271462,81
7698,0.0,-241.6377551020408,7.695062530284026,49
7703,0.0,-4109.815840938722,11.451795009388606,1534
7705,0.0,-1488.7958333333333,11.425402975082397,30
7738,0.0,939.890625,7.636909186840057,24
7779,0.0,-3654.4423076923076,16.21130132675171,13
7788,0.0,791.1953125,5.729167003184557,32
7791,0.0,-974.0416666666666,15.93349285920461,18
7806,0.0,-3842.5052083333335,11.356069525082907,24
7807,0.0,-1567.890625,10.416186918814978,24
7816,0.0,-4584.609774129045,11.205068612157783,35507
7823,0.0,884.0107142857142,17.692425468989782,35
7834,0.0,72.10227272727273,15.052551182833584,11
7845,0.0,12.154255319148936,8.010995357594592,47
7857,0.0,-1551.1313559322034,16.133097394038057,59
7859,0.0,-159.38541666666666,5.27593453725179,12
7864,0.0,-433.83152173913044,15.099516412486201,23
7871,0.0,-491.0964714714715,5.6064764127672255,333
7885,0.0,-162.6484375,6.671742603182793,16
7899,0.0,-3908.0078125,10.80406129360199,16
7911,0.0,698.1083333333333,15.832298787434896,15
7919,0.0,774.6875,12.830863436063131,12
7929,0.0,89.93824110671937,8.224240088886894,253
7932,0.0,-3940.6536458333335,17.9197201654315,48
7952,0.0,-3727.748015873016,8.288786013921102,63
7959,0.0,-527.9558823529412,14.786918668185963,17
7969,0.0,-3822.46875,7.567747060209513,16
7995,0.0,-3946.7203881048385,9.125877002854981,992
8002,0.0,100.38636363636364,11.606979088349776,22
8013,0.0,1735.844827586207,6.151089869696518,29
8016,0.0,-50.71590909090909,6.612346714193171,11
8026,0.0,783.3083333333333,13.467924499511719,15
8033,0.0,-1562.4134615384614,13.355852567232573,13
8038,0.0,1656.4940476190477,6.71276148727962,21
8048,0.0,1117.6911764705883,11.29526704900405,17
8058,0.0,-3885.681818181818,7.364968603307551,11
8095,0.0,199.5,8.56268181192114,47
8105,0.0,1645.5,6.347743499846685,21
8115,0.0,-1628.4875,12.594033710161845,30
8116,0.0,1362.1923076923076,16.24164428619238,26
8162,0.0,-4003.639328063241,12.931949144766737,253
8165,0.0,-1362.8564309444707,16.823591375752653,2107
8194,0.0,-3511.5332167832166,10.280444576190067,143
8196,0.0,-3920.2153141361255,9.676622842618933,191
8202,0.0,-3460.9031575520835,12.63360920486351,768
8210,0.0,1610.6576086956522,7.601234975068466,23
8213,0.0,-537.3790565981353,9.342224492572788,50196
8217,0.0,1612.826388888889,3.8402078681521945,18
8220,0.0,969.4375,11.287027703256022,98
8222,0.0,-3382.5994897959185,8.287248543330602,49
8229,0.0,-2934.103773584906,17.965673842520083,53
8230,0.0,-3796.4821428571427,11.906851359776088,14
8233,0.0,-3726.4175531914893,8.611532360949415,94
8237,0.0,-4049.8231707317073,6.926138837163041,41
8253,0.0,-3723.3571428571427,6.353723423821585,14
8258,0.0,1587.1583333333333,15.853520075480143,15
8262,0.0,-3760.741666666667,6.629288260142008,15
8272,0.0,-3849.8804347826085,8.063672127931014,23
8283,0.0,-3773.346153846154,7.567335899059589,13
8307,0.0,-3710.6165789473685,9.969424840657334,2375
8310,0.0,-1171.1105110642782,5.869410061641538,949
8322,0.0,-1336.3970588235295,9.905952593859505,17
8360,0.0,-320.80555555555554,12.335873119326102,288
8367,0.0,1282.048076923077,3.9230934725357938,26
8387,0.0,-3845.7916666666665,12.231804172197977,12
8392,0.0,961.2217741935484,17.847494740639963,31
8414,0.0,-1616.1339285714287,12.366677505629402,14
8441,0.0,-1489.7788461538462,17.468677275128417,182
8447,0.0,-3482.221153846154,9.71640737240131,13
8452,0.0,479.3046875,8.681688487529755,16
8457,0.0,-3891.3571428571427,7.037128806114197,14
8463,0.0,-1386.0166666666667,10.219803496201832,75
8478,0.0,1219.7916666666667,5.108720183372498,30
8492,0.0,1758.1369047619048,11.928144318716866,21
8496,0.0,-986.1634615384615,13.875286615811861,13
8500,0.0,-1344.1122433799464,6.811875905909201,3361
8501,0.0,1176.284090909091,10.351484515450217,11
8511,0.0,-3870.659090909091,6.984798409722068,11
8522,0.0,-1363.9107142857142,7.413929586183457,105
8536,0.0,418.6931818181818,9.44631728259,11
8538,0.0,-1084.0085877862596,3.2421804148959747,131
8540,0.0,-1456.1733983286908,9.652110107533613,1436
8547,0.0,-237.22596153846155,8.937603230659779,52
8559,0.0,832.7443181818181,14.565709851004861,22
8562,0.0,-1135.451754385965,15.195310521544071,57
8571,0.0,318.26,12.142617378234863,25
8586,0.0,-183.94610091743118,6.998210944166971,327
8600,0.0,-1432.4945652173913,10.24143467778745,23
8604,0.0,-678.9708333333333,10.402367560068766,60
8612,0.0,-1224.2166666666667,11.02224973042806,30
8613,0.0,-3849.6041666666665,14.801335910956064,12
8615,0.0,1679.4791666666667,15.788863062858582,12
8621,0.0,-928.6203937861271,12.047516508254013,1384
8622,0.0,-3788.3125,13.818878923143659,14
8643,0.0,-790.4956140350877,12.727884848912558,57
8661,0.0,-1432.1378676470588,4.503390416502953,68
8663,0.0,-949.0795454545455,6.717185107144442,11
8664,0.0,-745.073275862069,7.731439590454102,29
8665,0.0,-829.7329545454545,7.10319336977872,22
8669,0.0,312.7903225806452,10.93171759574644,31
8674,0.0,262.6025641025641,6.241758714883756,39
8683,0.0,-1514.5642548596113,6.336822805729077,463
8720,0.0,-1224.796052631579,9.349503893601266,19
8728,0.0,-743.8351480836237,7.101506488871491,574
8735,0.0,1228.6430921052631,5.475650374826632,76
8745,0.0,-3961.952627388535,6.298927973789774,314
8748,0.0,859.8793103448276,6.109020866196731,29
8759,0.0,-1522.1302083333333,6.6067008425792055,48
8774,0.0,15.517857142857142,11.221316610063825,14
8777,0.0,1336.0423387096773,6.060332395056243,186
8790,0.0,-1508.3977272727273,4.804876305840232,11
8801,0.0,-3882.456896551724,8.177564074253214,58
8813,0.0,-796.95625,5.898342919349671,20
8828,0.0,-1585.646050913838,7.096503194411803,766
8845,0.0,588.2625,9.838321661949157,20
8852,0.0,-745.7678571428571,5.758711440222604,14
8862,0.0,787.1704545454545,6.8308635191483935,11
8866,0.0,-4866.8418079096045,6.966199640500343,177
8872,0.0,-4921.441666666667,6.739756266276042,15
8876,0.0,-1454.188596491228,5.202589664542884,57
8887,0.0,-313.95,10.960438811779023,30
8902,0.0,-1581.6852836879432,5.0377427282062825,705
8904,0.0,379.2307692307692,11.21021859920942,13
8911,0.0,425.4660714285714,10.568605411671973,770
8920,0.0,-891.7,6.982320370674134,25
8940,0.0,-1507.4725,4.708080244064331,50
8941,0.0,-275.8333333333333,4.013151583217439,21
8945,0.0,-4186.335822559073,14.278729130859839,2243
8948,0.0,-1567.7540322580646,4.6234502215539255,31
8949,0.0,-1454.5807692307692,13.063684412149282,65
8952,0.0,-694.3035714285714,10.433085407529559,14
8971,0.0,-724.7797619047619,9.094995634896415,21
8983,0.0,1224.048611111111,14.612464798821343,18
8988,0.0,587.9147727272727,13.934928547252309,22
8992,0.0,-1279.169642857143,14.417788130896431,14
8995,0.0,-410.4010067114094,22.60697133269086,149
9000,0.0,-1392.2529761904761,10.561989437966119,42
9007,0.0,117.93382352941177,10.849161877351648,17
9010,0.0,-789.46,7.897689933776856,75
9020,0.0,-883.7527173913044,10.145748739657195,46
9034,0.0,-682.8088235294117,7.992883962743423,17
9045,0.0,-1444.78125,5.1967781484127045,60
9053,0.0,-3483.443417159763,9.485997795353274,338
9056,0.0,-1557.4886363636363,5.964901523156599,11
9058,0.0,162.75177578961637,24.388669397806076,36885
9091,0.0,-1396.03125,4.840048484504223,32
9093,0.0,112.92780172413794,12.224108136933426,116
9101,0.0,-1514.875,4.810690402984619,31
9106,0.0,333.0565476190476,8.574046965629336,126
9107,0.0,-1236.8645833333333,7.767176429430644,12
9114,0.0,2140.389705882353,14.905230914845186,34
9115,0.0,379.58680555555554,10.055306083626217,36
9118,0.0,-888.9112903225806,12.435614132112072,31
9130,0.0,-1369.9732142857142,6.232244251739411,42
9136,0.0,-1584.1583333333333,13.274003760019939,15
9137,0.0,-4931.902777777777,6.886583884557088,36
9140,0.0,110.25589622641509,5.048768379309642,318
9146,0.0,-856.2265625,4.208369642496109,16
9150,0.0,-842.0234375,9.706364274024963,16
9156,0.0,1895.7833333333333,22.589779154459634,15
9162,0.0,-1500.860655737705,5.44696841735006,183
9164,0.0,357.6442307692308,12.104540036274837,26
9165,0.0,-754.4005952380952,10.043341629845756,210
9187,0.0,-518.3125,4.617241203784943,32
9194,0.0,-856.3984375,7.005994521081448,32
9204,0.0,-1562.3125,8.807207591831684,32
9214,0.0,153.13392857142858,4.884643060820443,14
9215,0.0,-1607.7779761904762,7.196626573020503,420
9242,0.0,-4905.982142857143,14.411292893545967,14
9254,0.0,-1369.0196749795584,18.288984206618583,2446
9269,0.0,-714.7265625,10.67319369316101,16
9277,0.0,-1387.5357142857142,9.03190955661592,21
9293,0.0,-1622.9,10.220777320861817,30
9297,0.0,-1496.1666666666667,5.342826294898987,15
9298,0.0,-348.6470588235294,7.484554395956152,17
9302,0.0,-3538.2867647058824,6.594747683581184,17
9306,0.0,-233.3443396226415,12.894827077973563,106
9329,0.0,-3928.2350888324872,9.316142014440546,394
9332,0.0,-1632.2341040462427,10.24588327738591,173
9340,0.0,-1663.1509146341464,24.608085432949796,574
9342,0.0,-500.25,12.920456079336313,13
9345,0.0,-694.5758928571429,8.065569349697657,28
9356,0.0,329.53333333333336,10.516870307922364,15
9364,0.0,-506.97093023255815,9.216350595791672,344
9383,0.0,-330.61597222222224,5.922330870230993,180
9390,0.0,203.95833333333334,7.570086248715719,15
9393,0.0,-503.08152173913044,7.060448138610177,23
9415,0.0,-1540.4479166666667,4.536264399687449,12
9440,0.0,-1573.8072916666667,7.19422672688961,48
9443,0.0,1141.103125,19.640863728523254,40
9458,0.0,1994.45625,25.267843437194824,20
9462,0.0,364.99038461538464,16.986917422367977,13
9472,0.0,-1623.737031700288,11.341788845034772,347
9474,0.0,-929.0714285714286,7.406600475311279,14
9477,0.0,-706.3299180327868,7.955202202327916,122
9482,0.0,560.6875,13.54524605924433,22
9490,0.0,-3444.794117647059,6.457406969631419,17
9504,0.0,-427.216,12.991832344055176,125
9505,0.0,-331.3173076923077,6.429127986614521,13
9506,0.0,2255.4270833333335,19.041775442305067,84
9513,0.0,-4499.76171875,15.76351323723793,32
9527,0.0,-551.0520833333334,7.48147718111674,12
9536,0.0,-521.5208333333334,6.838346870740255,30
9544,0.0,-1581.548076923077,7.388900463397686,13
9548,0.0,115.98116438356165,5.222461857207834,73
9549,0.0,-1581.6880580357142,8.252508311665483,224
9558,0.0,-671.95,11.992537331581115,40
9561,0.0,-3586.9335294117645,7.253472770662869,425
9567,0.0,86.90460526315789,8.633434285197342,114
9577,0.0,-1591.3189655172414,5.353962552958522,29
9578,0.0,-548.81,8.146144760847092,25
9587,0.0,-1596.1739130434783,9.954046909359919,69
9591,0.0,485.2578125,10.482724517583847,32
9601,0.0,-540.1825757575757,12.391517207839271,165
9604,0.0,-1508.4578125,9.366604560613633,80
9606,0.0,845.8333333333334,10.23154565691948,12
9609,0.0,79.79673590504451,9.863910934691614,674
9615,0.0,-1600.219827586207,4.8000018556398905,174
9616,0.0,-1266.3464285714285,10.951939616884504,35
9647,0.0,-505.5769230769231,3.7370735590274515,13
9656,0.0,-1600.1704545454545,6.377174225720492,11
9666,0.0,-3513.5148809523807,6.5203372069767545,42
9682,0.0,-514.496462264151,7.306606971149175,212
9695,0.0,156.75,7.6088406606154,11
9697,0.0,-1171.5625,9.0542421489954,16
9708,0.0,-1127.4708333333333,12.69073583285014,60
9716,0.0,768.8422535211267,5.606882260970666,355
9745,0.0,-1024.857142857143,12.927505356924874,14
9755,0.0,-566.4705882352941,5.1070731106926415,17
9773,0.0,-3680.6822916666665,12.66538381576538,24
9774,0.0,-1523.7045454545455,6.831839388067072,22
9794,0.0,-1121.2421875,10.27251249551773,16
9806,0.0,-1629.890625,9.211147345602512,16
9819,0.0,-1560.109375,9.003138363361359,16
9820,0.0,-1290.0234375,5.186555199325085,16
9823,0.0,458.5520833333333,17.33171510696411,12
9831,0.0,-1601.320512820513,8.744878023098677,78
9834,0.0,2084.3984375,22.468503952026367,16
9843,0.0,-1354.7445652173913,11.207913673442343,23
9850,0.0,-3860.927025782689,15.400402578420621,543
9853,0.0,-797.8605769230769,14.201822954874773,52
9864,0.0,358.2701421800948,12.447657187403095,211
9866,0.0,-661.2211538461538,7.471544008988601,13
9869,0.0,-3802.381221719457,6.315241595738613,221
9875,0.0,124.44166666666666,14.405665524800618,15
9877,0.0,-530.6136363636364,7.899556506763805,11
9911,0.0,-1324.2916666666667,7.517134189605713,12
9915,0.0,-707.175,4.95131561756134,15
9919,0.0,-1599.669642857143,5.32338342155729,70
9922,0.0,-1183.1634615384614,8.628360821650578,13
9927,0.0,-3901.814414161281,13.131899333163053,3559
9949,0.0,-3692.0675675675675,17.119498749037046,37
9950,0.0,-966.0675675675676,8.941890310596776,37
9954,0.0,-1587.6490384615386,5.361279194171612,26
9957,0.0,-806.0185185185185,9.58609022034539,27
9963,0.0,-1332.4609375,6.792337611317635,32
9965,0.0,-1409.2443181818182,7.0064026659185235,22
9976,0.0,-1550.0729166666667,9.908604303995768,36
9999,0.0,214.19097222222223,14.912977364328173,108
10002,0.0,-1551.4453125,5.264042913913727,16
10009,0.0,12.000393081761006,6.417072674950713,318
10030,0.0,-895.2109375,6.039875492453575,16
10032,0.0,-919.3125,6.857514023780823,20
10034,0.0,-30.832474226804123,15.809206770867416,97
10040,0.0,-1554.044642857143,10.675733770642962,14
10058,0.0,-772.9338235294117,15.627037328832289,17
10062,0.0,85.375,4.233277032008538,13
10063,0.0,-1583.6025641025642,8.199859075057201,39
10066,0.0,534.7236842105264,12.252998603017707,19
10075,0.0,-1508.741987179487,4.481161276499431,78
10082,0.0,-728.0546875,7.560006394982338,16
10085,0.0,-1389.1958762886597,5.362054885048227,194
10101,0.0,-1560.078869047619,5.080093054544358,84
10102,0.0,-1625.5511363636363,9.06608865477822,22
10105,0.0,125.09433962264151,6.530112659781234,159
10108,0.0,-833.7386363636364,10.31177551096136,11
10111,0.0,-573.5257352941177,17.701953663545495,34
10116,0.0,126.67808219178082,8.579859431475809,73
10127,0.0,-675.9134869115474,10.80567347424894,9474
10131,0.0,-955.1517857142857,8.875714314835411,14
10136,0.0,-703.3828125,6.898317389190197,16
10139,0.0,-985.094298245614,12.687334935916098,114
10143,0.0,246.41964285714286,19.584348951067245,14
10144,0.0,-1351.3880208333333,8.60453816751639,48
10150,0.0,-884.172932330827,8.862426329376106,133
10160,0.0,-1213.846590909091,11.107915704900568,22
10161,0.0,-1169.2065217391305,6.527047774066096,23
10172,0.0,-1017.3694915254238,7.968169151221291,590
10179,0.0,506.4889705882353,9.176647894522723,34
10184,0.0,-1588.2403846153845,10.664047718048096,13
10186,0.0,-1176.8813559322034,6.48543569193048,59
10193,0.0,-1512.922794117647,3.6756916160092636,34
10203,0.0,-964.2058823529412,6.564875588697546,17
10213,0.0,-1610.6527777777778,5.690763274828593,18
10221,0.0,-1551.7884615384614,5.168083695264963,13
10222,0.0,-1618.561746987952,5.3388696320085645,83
10233,0.0,-1600.3863636363637,4.543026729063555,11
10246,0.0,-893.6071428571429,10.405157898153577,14
10255,0.0,366.4895833333333,3.8510500515500703,24
10261,0.0,-1116.7,7.730504524707794,20
10267,0.0,389.8359375,13.22670541703701,16
10272,0.0,379.375,9.88878700949929,11
10277,0.0,-3222.484375,9.501261577010155,16
10295,0.0,-1002.5198954983923,13.71010762721396,622
10300,0.0,-1614.21875,8.030075430870056,12
10302,0.0,364.1354166666667,5.72568811972936,12
10324,0.0,88.33571428571429,9.601985263824464,35
10326,0.0,253.67045454545453,10.323627471923828,11
10328,0.0,340.958904109589,17.062416011339998,73
10333,0.0,-203.4431818181818,8.144443446939642,11
10343,0.0,-1193.0458860759493,8.273305719196257,553
10352,0.0,-13.24074074074074,7.946638690100776,27
10360,0.0,-1145.7625927889715,22.016409371320794,1886
10363,0.0,-1509.7978723404256,8.287790771494521,94
10366,0.0,-1114.8663793103449,9.565100645196848,29
10388,0.0,-1229.6208333333334,7.336438886324564,30
10412,0.0,-1428.0166666666667,9.316068734441485,210
10423,0.0,-686.0384615384615,18.481767581059383,13
10430,0.0,-1064.0416666666667,7.807681207855542,24
10454,0.0,-1047.2890625,6.727713480591774,16
10472,0.0,-3429.292857142857,23.281102888924735,35
10473,0.0,-1344.0375,12.185049676895142,20
10474,0.0,-1250.3181818181818,10.351958101445978,11
10477,0.0,447.3798076923077,9.949043182226328,26
10482,0.0,-413.4647435897436,19.429260068469578,117
10484,0.0,-1283.9166666666667,4.801730004946391,15
10490,0.0,-3404.5535714285716,16.29386751992362,14
10491,0.0,-1506.2589285714287,11.594630616051811,14
10493,0.0,-1605.4568965517242,5.305719811340858,29
10494,0.0,-1598.625,7.3244240283966064,18
10499,0.0,-970.6875,8.165075806697997,202
10505,0.0,-1614.671875,10.431276980042458,40
10509,0.0,-860.1544117647059,9.73656861221089,17
10514,0.0,-1530.8645833333333,17.287119070688885,24
10516,0.0,-1082.6617647058824,9.956016176763702,17
10520,0.0,-663.7171052631579,7.168770752455059,19
10521,0.0,-3375.943181818182,16.4360784183849,11
10530,0.0,-2727.683278867102,8.74785865924457,459
10534,0.0,-1584.95202020202,23.740504050495648,198
10550,0.0,-1121.649193548387,8.224822967283187,31
10565,0.0,-1091.25,5.024425965089065,13
10570,0.0,416.890306122449,7.400662001906609,49
10579,0.0,-336.125,7.45646733897073,28
10581,0.0,-3496.7809551886794,13.928274724843368,424
10585,0.0,-1052.7475961538462,7.126944474990552,260
10590,0.0,-1614.6826923076924,7.509596824645996,13
10594,0.0,-1447.482,7.5559656562805175,125
10595,0.0,-1322.3154761904761,7.9326867035457065,21
10601,0.0,-916.4583333333334,9.919528086980185,33
10602,0.0,-607.0113636363636,9.82352924106097,99
10610,0.0,-388.8076923076923,9.349224709547483,26
10611,0.0,-1256.0,5.035123235300968,19
10626,0.0,-1655.6447368421052,10.502124234249717,19
10634,0.0,-210.29545454545453,6.538708166642622,11
10641,0.0,-1426.654017857143,8.190887148891177,112
10645,0.0,-157.24588477366254,7.581551575856935,243
10650,0.0,59.728503184713375,8.745806585261777,157
10651,0.0,-457.1132075471698,5.012313401923989,53
10657,0.0,-441.8382352941176,8.701611785327687,17
10667,0.0,-3263.1739659367395,6.94134128615804,411
10680,0.0,101.53225806451613,11.010259978232845,93
10684,0.0,-1095.5568181818182,6.9976090517911045,11
10701,0.0,255.50907258064515,9.49114805796454,248
10702,0.0,-1024.0612017804153,16.245854744571606,674
10710,0.0,-1644.3421336206898,13.775500423846573,1160
10719,0.0,-838.0673076923077,8.611938421542828,13
10724,0.0,-168.07954545454547,11.163928510925986,55
10727,0.0,-535.2239583333334,3.3641946415106454,24
10736,0.0,-1126.6916666666666,13.773563353220622,15
10739,0.0,-1310.375,9.432170730370741,26
10740,0.0,-1185.9576612903227,7.726154568695253,124
10757,0.0,-1465.609375,6.874748811125755,16
10775,0.0,-3381.1428571428573,11.26286232471466,14
10780,0.0,-1269.2918964101361,20.66647528123123,8524
10781,0.0,-691.1620370370371,9.535709734316226,27
10782,0.0,-2942.7099753694583,7.425406476155486,609
10784,0.0,-3157.1625,17.407454705238344,20
10788,0.0,13.230743910467412,6.26502964360648,1519
10789,0.0,-1362.3020833333333,19.45426034927368,12
10790,0.0,-1282.7279411764705,8.864522092482623,17
10794,0.0,-1187.6187150837989,13.835365543152367,179
10797,0.0,-292.19262295081967,9.764848845903991,122
10799,0.0,-2969.1979166666665,5.866346895694733,12
10809,0.0,-1439.546875,9.221149446523707,184
10832,0.0,-1146.3653846153845,11.857841381659874,13
10848,0.0,-1643.3932664756446,14.43732699802236,1745
10856,0.0,-573.2041666666667,12.49789965947469,30
10858,0.0,-101.625,15.685511509577433,12
10865,0.0,-3532.5,8.40395075082779,16
10868,0.0,-760.3916666666667,7.363804610570272,15
10884,0.0,-1546.418918918919,10.065520734400362,37
10912,0.0,-981.5118534482758,7.452466607093811,116
10921,0.0,-312.34375,19.13237102329731,20
10932,0.0,-954.125,7.960787336031596,12
10940,0.0,-932.7758620689655,14.76885581427607,58
10946,0.0,-1411.8216019417475,9.984615477543432,103
10953,0.0,-717.6764705882352,11.483967528623694,17
10957,0.0,-3412.7135416666665,6.247220006253984,72
10960,0.0,-1493.6416666666667,4.463853867848714,15
10968,0.0,-1026.5233333333333,4.9408501545588175,75
10978,0.0,-2759.480769230769,10.859327096205492,13
11002,0.0,-1056.2964672183323,19.184079294103032,3142
11003,0.0,-1294.664383561644,13.789658650960007,73
11005,0.0,-1686.0129573170732,14.576256538551997,492
11009,0.0,-57.653225806451616,15.106463693803356,31
11014,0.0,-1215.4351265822784,10.519885559625264,79
11016,0.0,570.46875,13.993765354156494,12
11018,0.0,-1578.3841991341992,24.094790241935037,231
11021,0.0,-740.764175257732,7.79194638778254,97
11024,0.0,-1667.459034320323,16.185712453173437,1486
11027,0.0,-869.7430555555555,13.328532417615255,18
11028,0.0,-818.3315217391304,7.197611720665641,23
11041,0.0,-840.6875,12.126041730244955,24
11065,0.0,-3345.6736111111113,6.706692857874764,36
11067,0.0,-128.2317880794702,7.053459375899359,302
11070,0.0,-112.23557692307692,14.190240254768959,26
11082,0.0,-247.7541390728477,24.62339259772901,151
11109,0.0,-1321.5808823529412,9.087719577200273,68
11114,0.0,-953.3229166666666,11.068173925081888,36
11116,0.0,-841.0078125,9.152661502361298,16
11117,0.0,-3507.4791666666665,7.486286931567722,18
11124,0.0,-1550.375,7.806643761694431,16
11143,0.0,-1264.0208333333333,8.561941166718801,12
11156,0.0,-1297.75,4.792465158871242,14
11158,0.0,-3522.875,7.475187117090592,39
11159,0.0,-1365.8035714285713,9.105401051895958,14
11163,0.0,-906.75,13.044250617424646,12
11170,0.0,-2729.443181818182,8.378097274086691,11
11178,0.0,-708.0208333333334,7.4643943309783936,12
11183,0.0,-1658.8472222222222,18.910339938269722,18
11188,0.0,-1004.8391990291262,9.195478067236039,206
11196,0.0,290.68397435897435,7.928043261552468,195
11201,0.0,-1331.2368421052631,13.018989512794896,19
11225,0.0,-1278.1729857819905,9.165186758996185,422
11227,0.0,-984.7239583333334,6.663851847251256,24
11249,0.0,-1444.8846153846155,6.513405176309439,13
11256,0.0,-44.39423076923077,8.132700076470009,13
11262,0.0,-726.6651785714286,5.984650158456394,280
11271,0.0,-143.73717948717947,18.81487052868574,39
11282,0.0,-1399.176633605601,10.193096052807437,1714
11292,0.0,-2879.4330892143807,8.574220135034162,751
11297,0.0,58.775862068965516,9.344792851086321,29
11332,0.0,-1212.6052631578948,16.00530599292956,19
11346,0.0,-1433.857142857143,8.320809260923035,49
11356,0.0,-47.96283783783784,5.696422589791788,111
11357,0.0,174.39103910795086,6.109227750293848,3094
11362,0.0,-1390.7239583333333,7.63623630007108,24
11364,0.0,-1373.0235042735044,14.589514485791199,117
11386,0.0,-162.875,13.573968227093037,13
11395,0.0,-3013.2395833333335,22.33439787228902,12
11397,0.0,-255.53846153846155,2.9910672352864194,13
11402,0.0,-1679.7142430278884,14.266971817220824,1255
11415,0.0,-3048.4895231213873,7.150222689430149,346
11427,0.0,-1298.8020833333333,8.019034306208292,12
11435,0.0,-1223.98875,12.73443937778473,100
11436,0.0,-1321.2455357142858,8.975308928674176,420
11442,0.0,-1186.5588235294117,10.03094726450303,17
11454,0.0,-3120.2955465587042,8.607101633224772,988
11457,0.0,-1175.4612068965516,6.463728358005655,29
11469,0.0,590.7217477003942,13.259556637173727,761
11479,0.0,-1360.9761904761904,6.3307903834751675,21
11491,0.0,-692.2363569321534,10.447601142768898,1017
11500,0.0,-1494.7083333333333,8.742655745451001,69
11505,0.0,-1278.3634259259259,11.869259050598851,108
11518,0.0,-784.9767441860465,5.2244210686794545,43
11519,0.0,-1421.0533536585365,9.69201528735277,82
11520,0.0,-838.46,13.922184028625487,25
11521,0.0,-737.425,10.852039694786072,25
11529,0.0,-1127.142857142857,9.359521491186959,14
11536,0.0,-2940.1388888888887,16.342862870958115,27
11545,0.0,-1413.1950757575758,6.317588546172236,66
11552,0.0,-1510.6328125,19.792647272348404,16
11565,0.0,-901.6636904761905,13.814401288354208,252
11576,0.0,-134.45034246575344,7.19981529179229,438
11577,0.0,-1146.7596153846155,8.898150297311636,13
11580,0.0,-1271.5906862745098,11.749661380169439,51
11582,0.0,-692.2136824324324,7.075259016977774,148
11587,0.0,389.66184971098266,8.93785832934297,173
11611,0.0,269.05882352941177,11.39302183600033,17
11622,0.0,-1467.5628434065934,9.250503309971684,364
11629,0.0,-1471.5625,15.702870547771454,16
11645,0.0,-369.6458333333333,12.501580794652304,12
11648,0.0,-1249.4903846153845,7.702033519744873,13
11652,0.0,-1391.9464285714287,7.3973532404218405,14
11653,0.0,-1320.1833333333334,9.733876253498925,45
11678,0.0,-1492.1753731343283,7.713429687628105,67
11684,0.0,-701.45625,6.797527348995208,20
11695,0.0,-761.9166666666666,10.148195775349935,15
11700,0.0,-888.78125,13.176271597544352,12
11708,0.0,-1021.2279411764706,6.850844814496882,68
11726,0.0,-749.4910714285714,5.785742793764387,14
11729,0.0,-1264.048076923077,15.189105547391451,13
11733,0.0,-1038.328947368421,19.615916277232923,19
11739,0.0,-3462.3854388637737,9.063714964134656,301278
11740,0.0,-1555.057471264368,8.909095638099759,87
11769,0.0,-757.1421052631579,10.264758893063194,95
11771,0.0,-267.8618421052632,8.70939552783966,38
11773,0.0,-1047.2954545454545,10.521339589899236,11
11778,0.0,-32.13235294117647,9.834544144424738,51
11793,0.0,290.4754098360656,6.717898896483124,61
11794,0.0,-1453.2670118343194,19.011251012954485,169
11798,0.0,-1552.0541666666666,11.953061135609945,30
11803,0.0,-821.2727272727273,18.1252087865557,77
11810,0.0,-1002.709375,5.714256953199705,120
11827,0.0,-1120.5375349162011,12.866145262172102,716
11844,0.0,-1288.4134615384614,14.198655495276817,13
11851,0.0,-960.9886363636364,13.975493214347146,11
11862,0.0,-947.3557692307693,6.173907940204327,13
11872,0.0,-1085.8875,13.933585325876871,30
11881,0.0,1517.5552325581396,9.446968938029089,43
11895,0.0,-1512.9871794871794,7.907350925298838,39
11937,0.0,-147.265625,14.132889419794083,16
11946,0.0,706.0133312421581,14.454728184029497,3188
11948,0.0,-1035.4490740740741,13.987358234546802,27
11966,0.0,-1647.243493150685,15.027035337604888,365
11975,0.0,-1565.0056179775281,8.396737345149008,89
11983,0.0,-2149.6633723498235,8.786095145360312,13584
11991,0.0,-1520.9971153846154,17.902829076693607,130
11995,0.0,161.88235294117646,7.800559815238504,17
11998,0.0,-1769.673076923077,17.84150270315317,13
12002,0.0,-970.3571428571429,13.94933665934063,42
12005,0.0,114.84615384615384,3.642054172662588,13
12007,0.0,-878.25,13.661702719601719,11
12018,0.0,-948.7307692307693,3.810590466627708,26
12029,0.0,-480.75716560509557,20.346972407808728,157
12033,0.0,-1269.2579787234042,16.129903001988186,47
12049,0.0,87.72313084112149,3.0850781519836357,107
12051,0.0,-1545.3563829787233,9.383296565806612,47
12052,0.0,-200.01640625,17.428853010137875,480
12063,0.0,-979.1550675675676,14.143291851314338,370
12073,0.0,-1723.6587393162392,6.432412938767264,5850
12074,0.0,-1556.0825471698113,8.589818468633688,53
12075,0.0,-1594.902205882353,13.857788536829107,340
12077,0.0,-259.32706766917295,7.97963741937078,133
12086,0.0,-961.5432692307693,17.099096683355477,26
12089,0.0,324.4761904761905,8.827649654174337,147
12091,0.0,-1603.1607142857142,18.371089117867605,14
12095,0.0,504.1470588235294,16.286888684945946,510
12096,0.0,-1462.1833333333334,18.328446282280815,45
12114,0.0,-365.50657894736844,10.111990944962752,95
12125,0.0,-363.0720108695652,7.382327660270359,92
12129,0.0,-1472.35,18.127303314208984,15
12132,0.0,-1809.40125,5.589667260050773,100
12138,0.0,-1267.8852339181287,21.073008927685475,171
12141,0.0,-2100.1704545454545,7.806461941112172,22
12143,0.0,-1589.6369047619048,9.630739336922055,21
12146,0.0,-1482.9228896103896,8.56207916711445,924
12151,0.0,-2328.464231927711,8.54966730812946,332
12164,0.0,10.00996015936255,11.433676152590262,251
12166,0.0,-1183.8842592592594,6.82673986311312,54
12173,0.0,-1638.6704545454545,18.03857183456421,22
12175,0.0,-1705.3243791786056,10.106694522195468,1047
12180,0.0,-261.64069264069263,10.212513588465653,231
12182,0.0,-1224.1589673913043,8.765250136022983,92
12196,0.0,-1628.3942307692307,7.2915832079373875,13
12203,0.0,-1582.4903846153845,6.489618814908541,13
12207,0.0,-1574.9383561643835,18.524734502071386,73
12213,0.0,-1782.5833333333333,1.8677648438347711,18
12229,0.0,-882.9117647058823,6.426749916637645,34
12230,0.0,-709.3547794117648,6.794230371713638,68
12241,0.0,286.55882352941177,7.707277241875143,17
12242,0.0,-2301.0238095238096,16.981636013303483,21
12258,0.0,-2388.4713855421687,7.829721750983273,83
12288,0.0,-1582.3846153846155,6.222636442918044,13
12300,0.0,-944.2410714285714,10.74705137525286,14
12307,0.0,-562.0598958333334,17.843910306692123,48
12309,0.0,175.88235294117646,7.051873459535487,17
12317,0.0,-358.4392857142857,8.055938216618129,35
12318,0.0,-112.678125,14.177816462516784,40
12323,0.0,-1571.570265704193,12.618182405955304,6511
12331,0.0,-887.4019607843137,4.794998606046041,51
12334,0.0,-20.779411764705884,7.471188348882339,34
12340,0.0,-1565.8120503597122,10.983316830593905,139
12353,0.0,-467.655487804878,8.319979278052726,41
12359,0.0,-559.8295454545455,12.496039997447621,11
12371,0.0,-348.4419525065963,8.85798534743075,379
12390,0.0,-798.3125,8.189517567555109,12
12393,0.0,110.9375,6.8992259701093035,12
12394,0.0,-1802.4872881355932,6.322393663858963,118
12403,0.0,13.519406392694064,9.211405122320945,876
12416,0.0,-158.41417050691246,9.231222071680605,217
12433,0.0,-827.3435767097967,10.764202988191805,541
12435,0.0,-1520.645,16.06455264091492,50
12442,0.0,15.27016129032258,19.591128287776822,31
12448,0.0,-537.6071428571429,9.389520754132953,35
12451,0.0,-1976.220238095238,6.148195766267323,21
12458,0.0,-936.6730769230769,14.091897340921255,13
12465,0.0,-508.27840909090907,17.507154941558838,22
12476,0.0,-1025.7878289473683,9.877684420660922,76
12477,0.0,-1990.7444444444445,7.227626403172811,45
12483,0.0,-510.02272727272725,9.785251010547984,11
12485,0.0,-1253.646551724138,6.3022851615116515,29
12488,0.0,-250.60576923076923,9.466547978230011,39
12505,0.0,-535.8615160349855,14.377930897665442,343
12509,0.0,381.06617647058823,13.830156186047722,17
12534,0.0,-525.6841216216217,10.506853400049982,74
12545,0.0,-2931.7283345064225,25.95996776911945,28415
12548,0.0,-1129.3214285714287,6.553327862097293,49
12560,0.0,-1499.301724137931,7.063929237168411,29
12565,0.0,247.0,10.475234079360963,20
12568,0.0,-1617.2666666666667,12.90584389368693,30
12580,0.0,-738.40625,6.459595680236816,16
12583,0.0,-551.375,7.1993686727115085,14
12584,0.0,-258.69444444444446,8.76972066031562,27
12598,0.0,-1428.5547520661157,10.129126066018728,121
12603,0.0,-542.0555555555555,9.769957701365152,18
12605,0.0,-499.8986280487805,18.682914722256545,164
12611,0.0,-1556.0227272727273,13.504166169600053,11
12612,0.0,-1541.29375,6.212799084186554,20
12617,0.0,-1832.6556919642858,5.13493230513164,224
12620,0.0,-971.6704545454545,10.531085231087424,11
12621,0.0,-519.5882352941177,10.302529896006865,51
12623,0.0,-191.5625,10.622548426900591,14
12642,0.0,-2112.6979166666665,9.60827604929606,12
12649,0.0,-1551.1875,6.505842881543296,14
12660,0.0,-1549.416095890411,6.942576628025264,146
12661,0.0,-1549.779761904762,6.899183909098308,21
12679,0.0,-1531.5104166666667,7.846173455317815,12
12697,0.0,-1246.650974025974,6.821902569238242,77
12699,0.0,-1299.625,13.08586049079895,16
12707,0.0,-822.8194444444445,8.372271879955575,54
12711,0.0,-2084.548076923077,12.544733854440542,13
12720,0.0,-630.6346153846154,16.013927202958328,26
12723,0.0,-1340.9364123159303,9.587117237897921,747
12737,0.0,-1602.0833333333333,5.37522444270906,21
12740,0.0,-1803.2323529411765,5.939076561086318,85
12741,0.0,-998.0,10.48094379200655,17
12742,0.0,-514.96875,7.954884822879519,28
12750,0.0,-557.3846153846154,8.885688359920795,13
12755,0.0,-1522.7483031674208,5.946685786160948,221
12769,0.0,-728.9955357142857,7.990847025598798,28
12775,0.0,-2069.205882352941,9.247989121605368,17
12779,0.0,-1260.0114285714285,5.206422485240868,350
12780,0.0,66.27560240963855,5.6752280801175585,83
12795,0.0,-47.041666666666664,5.888473927974701,135
12798,0.0,727.8975694444445,7.5471943153275385,72
12799,0.0,-566.6477272727273,6.062944834882563,22
12813,0.0,-113.41006787330316,5.499503216525008,442
12815,0.0,-1829.40625,5.775364845991135,16
12818,0.0,-1294.201923076923,9.267769813537598,26
12821,0.0,-2375.0089285714284,10.258912324905396,14
12826,0.0,-1736.1057692307693,6.556824546593886,13
12829,0.0,-805.7990476190477,5.099328250970159,525
12832,0.0,-1525.2456140350878,7.589410229733116,57
12839,0.0,-753.245299796748,9.52498235606505,984
12847,0.0,-568.795,6.143729457855224,25
12849,0.0,-1639.3548387096773,6.633532797136614,62
12850,0.0,-1820.4839449541284,7.497503053704533,327
12857,0.0,-1844.6953125,4.53671707957983,16
12860,0.0,-1860.7142857142858,4.9159771885190695,14
12861,0.0,-1184.2596153846155,6.048471670884353,13
12866,0.0,-755.2118055555555,7.554689304696189,36
12879,0.0,-2343.78125,7.1554069717725115,12
12881,0.0,-1784.718085106383,4.757921650054607,47
12882,0.0,-1808.0078125,10.373739093542099,16
12890,0.0,5.5625,7.794599294662476,12
12892,0.0,717.0416666666666,6.801237323067405,33
12910,0.0,-1387.6004464285713,8.94534033740915,336
12914,0.0,-897.4413580246913,11.829283627462976,486
12916,0.0,-1715.1118421052631,10.076940034565173,19
12920,0.0,-1464.905257936508,8.054756116003745,504
12921,0.0,-304.375,6.721540236473084,15
12922,0.0,-51.93135593220339,6.010006188891702,295
12927,0.0,-1268.909090909091,18.75613715431907,11
12929,0.0,-1320.139705882353,12.417486218845143,17
12932,0.0,-1469.7534722222222,6.553529143333435,36
12936,0.0,-888.0048076923077,11.071846457628103,26
12941,0.0,-363.88157894736844,14.022776904859041,19
12943,0.0,-609.9166666666666,6.761786341667175,12
12945,0.0,-98.28865979381443,8.338368841053285,97
12946,0.0,-1111.2424242424242,9.010826006080165,33
12951,0.0,-1129.7837171052631,11.511223466772782,152
12959,0.0,-1363.0223214285713,14.48652720451355,56
12976,0.0,601.7067307692307,4.670897509043034,26
12977,0.0,-1494.6607142857142,14.464788845607213,14
12982,0.0,-919.625,17.62097676595052,12
12989,0.0,124.28702090592334,5.966044193049341,287
12999,0.0,-776.825,17.867887941996255,15
13008,0.0,-1053.53125,10.486134827136993,16
13015,0.0,-905.7115384615385,5.616696036778963,13
13027,0.0,-2415.6976744186045,21.988555398098256,43
13029,0.0,-1592.1607142857142,10.028461149760656,14
13031,0.0,-1933.66150990099,5.637691150797476,404
13042,0.0,-1843.965206185567,16.266334689769547,194
13055,0.0,-763.9791666666666,7.090594173098604,144
13058,0.0,199.76923076923077,4.3253949743050795,26
13068,0.0,-1120.1864406779662,6.908801074755394,59
13082,0.0,-1108.0277777777778,12.607809861501059,18
13089,0.0,-659.327380952381,6.940576207424913,21
13091,0.0,-1515.5,6.571721220689435,62
13101,0.0,-353.9944852941176,7.286211406483369,68
13103,0.0,-1464.6544117647059,4.988475519068101,17
13117,0.0,141.994140625,4.854001661762595,64
13124,0.0,-1953.4517145135567,16.860693687846975,3135
13133,0.0,-1789.8958333333333,5.007260888814926,24
13139,0.0,672.6985294117648,5.880787155207465,17
13140,0.0,550.4155405405405,6.748288125605197,37
13155,0.0,-1103.7351851851852,13.485170655338852,135
13164,0.0,-442.82276995305165,9.309369544468016,426
13177,0.0,-248.67763157894737,7.567703786649202,19
13180,0.0,-1514.867151826484,7.8298136933481315,876
13182,0.0,-1038.5795454545455,11.564504233273594,11
13186,0.0,112.84756097560975,6.299032433003914,41
13187,0.0,-598.3573853989814,13.038314562297233,589
13196,0.0,-378.74038461538464,7.5606626730698805,13
13197,0.0,-880.3005319148937,17.745604657112285,47
13200,0.0,-1916.2554824561403,5.857685327529907,114
13227,0.0,-1823.6676136363637,8.92736401070248,44
13231,0.0,-211.99933784579164,21.62538136128312,6796
13240,0.0,585.025,5.920412282943726,25
13241,0.0,-1699.84375,10.77075112859408,48
13244,0.0,-1820.4070175438596,6.163011560576004,285
13279,0.0,47.69356796116505,6.891512275899498,206
13284,0.0,-15.161764705882353,9.702013941372142,17
13303,0.0,-1867.1032608695652,5.307361934496009,23
13321,0.0,-1199.955357142857,13.411020057541984,28
13328,0.0,-95.55624207858048,9.209316577332705,789
13330,0.0,533.1141304347826,5.645874445853026,23
13334,0.0,-1550.5197368421052,8.596619028794137,19
13339,0.0,-1071.0337823725981,20.57024616908061,4788
13345,0.0,-160.6463717693837,10.963969911306089,503
13348,0.0,-1209.2546296296296,4.333980692757501,27
13353,0.0,-1223.1105623100304,5.669153078167634,329
13361,0.0,-1923.54,4.805886152982712,250
13363,0.0,-302.17045454545456,12.735231096094305,11
13368,0.0,-1181.4916666666666,8.23821374575297,15
13369,0.0,-1189.375,18.898797976343257,76
13371,0.0,-1294.5721153846155,22.115539336815857,78
13381,0.0,-399.30833333333334,10.057170899709066,15
13383,0.0,614.6666666666666,11.06165148417155,15
13384,0.0,-140.69444444444446,10.085102712666547,54
13385,0.0,-1432.4192307692308,9.51368852211879,65
13389,0.0,-1567.2445652173913,6.752117136250371,23
13390,0.0,-1339.640625,14.452006419499716,24
13398,0.0,-910.9615384615385,10.86726121719067,26
13399,0.0,-1641.78125,5.064169426759084,12
13405,0.0,-1601.9261363636363,6.654262282631614,44
13409,0.0,-974.8567073170732,7.733348573126444,41
13430,0.0,-332.8344298245614,10.140849620626684,114
13448,0.0,-1255.8918918918919,23.013729546521162,37
13453,0.0,-335.4114583333333,8.320460379123688,24
13461,0.0,-212.47727272727272,4.166540070013567,22
13474,0.0,-1554.334375,6.4658814579248425,40
13481,0.0,-1495.7405821917807,8.51964350555041,146
13485,0.0,-1880.2073863636363,19.637882070107892,44
13486,0.0,-1360.9709302325582,14.352415883263877,43
13490,0.0,-349.0597826086956,8.482170089431431,23
13491,0.0,-469.70535714285717,8.371796463926634,84
13498,0.0,-913.5,10.545868345669337,14
13499,0.0,-1930.1015625,10.097956821322441,16
13500,0.0,-392.11472602739724,8.753208411883001,73
13503,0.0,533.8105053191489,11.71266665964896,564
13505,0.0,-1577.1090277777778,5.259153999884924,180
13506,0.0,-1222.095744680851,19.182000931273116,47
13507,0.0,-1969.9354838709678,14.117158866697743,31
13508,0.0,-230.50925925925927,10.274375129629064,27
13511,0.0,-1237.265,7.1139325475692745,25
13514,0.0,-917.0096153846154,7.732173772958609,13
13528,0.0,-357.215625,12.238853776454926,40
13536,0.0,-1957.3076923076924,4.928563539798443,13
13537,0.0,-1946.9615384615386,3.975205714886005,13
13545,0.0,-344.165,9.710085636774698,75
13551,0.0,-1634.9934210526317,4.343488683826045,19
13557,0.0,-1464.4151785714287,9.884820286716733,56
13561,0.0,-1614.090909090909,9.637796532024037,11
13562,0.0,-1696.9117324561403,7.815375175915267,228
13573,0.0,607.7587719298245,10.590374692838791,171
13590,0.0,-1574.469696969697,17.844304662762266,33
13607,0.0,-1074.783482142857,10.005395738141877,112
13614,0.0,-1203.2416666666666,9.097675991058349,15
13616,0.0,-925.5833333333334,10.517157173156738,15
13620,0.0,-91.28472222222223,6.477369066741732,18
13621,0.0,-1758.3916666666667,8.290547299385072,15
13635,0.0,-1596.8522727272727,7.842057271437212,11
13646,0.0,-1963.767857142857,3.7393384831292287,14
13654,0.0,-1969.080357142857,10.88038232922554,14
13658,0.0,-1467.8967391304348,10.161073876463849,23
13660,0.0,-2005.5414771291382,11.005241891670956,3957
13675,0.0,-490.66817667044165,9.270177279566315,883
13679,0.0,-1578.6194444444445,9.409831566280788,90
13680,0.0,-1571.2882653061224,7.704945223672049,49
13709,0.0,309.2077114427861,11.587635246675406,402
13712,0.0,-1526.3821022727273,7.398687421725216,704
13721,0.0,-366.34027777777777,3.5695495208104453,18
13731,0.0,-929.1346153846154,13.350816323206974,13
13732,0.0,-1971.273148148148,4.904999253926454,27
13738,0.0,-1749.423611111111,7.374492784341176,54
13755,0.0,-1988.9326923076924,17.225106936234695,26
13791,0.0,-1586.1375,9.438860058784485,20
13798,0.0,165.88636363636363,5.718711462887851,11
13800,0.0,676.1566780821918,11.727443706499388,146
13801,0.0,-405.68048780487806,11.75543388622563,205
13802,0.0,-1609.6145833333333,12.324209948380789,12
13807,0.0,-337.9392857142857,5.834345248767308,35
13826,0.0,-1407.8863636363637,16.410451181007154,33
13846,0.0,-177.08035714285714,6.84921259539468,14
13870,0.0,-2272.245817843866,11.864887307050651,807
13886,0.0,61.108520900321544,20.587057457092875,311
13907,0.0,-912.9375,14.247259656588236,12
13913,0.0,-1311.791015625,7.296080932021141,64
13921,0.0,-1095.6313559322034,8.00347227969412,59
13939,0.0,-1830.1346153846155,10.633241213285006,13
13943,0.0,-1297.7038461538461,6.792517725206339,520
13959,0.0,-1432.695588235294,21.794657718434053,85
13963,0.0,-1753.640625,8.138436076045036,80
13986,0.0,-1978.4282786885246,10.85029342135445,61
13991,0.0,-1252.0377906976744,7.014556079409843,43
13992,0.0,-1607.8073770491803,5.401108208249827,427
13993,0.0,-1501.659090909091,4.577055085789073,11
14014,0.0,191.16666666666666,6.139943690527053,21
14016,0.0,-1142.018817204301,5.475381310268115,93
14018,0.0,-1476.0762741046833,15.74193458772231,726
14020,0.0,-1605.8298919949175,8.45259748433339,1574
14029,0.0,-275.8173076923077,13.34202920473539,13
14039,0.0,-1909.375,6.408195237318675,12
14045,0.0,-1710.5,15.20624120235443,20
14053,0.0,-1387.6136363636363,9.861736839467829,11
14071,0.0,-1484.8072033898304,5.646580533455994,59
14077,0.0,-1400.0131578947369,4.497934228495548,19
14085,0.0,-1391.0083333333334,6.12824559211731,15
14087,0.0,-757.827327663384,7.5773603102140585,1117
14092,0.0,-1546.517361111111,15.856434530682034,36
14094,0.0,-1827.9028201219512,10.581547489980371,328
14121,0.0,134.1534090909091,18.458542477000844,22
14125,0.0,-1541.564714566929,8.08419106921225,1016
14126,0.0,-1128.9204545454545,6.928860068321228,22
14134,0.0,-1619.9265091863517,8.085780577592336,762
14138,0.0,-628.7060185185185,11.049015496064115,216
14146,0.0,-2236.9826388888887,10.49189923206965,36
14153,0.0,-1199.235294117647,9.50983848291285,17
14158,0.0,-145.16346153846155,6.4885626297730665,26
14179,0.0,-1473.5808823529412,5.403821513933294,34
14191,0.0,-1393.139705882353,11.955226154888377,17
14192,0.0,95.7195945945946,9.503048616486627,148
14195,0.0,-1565.0641025641025,5.931036600699792,39
14213,0.0,-1533.6805555555557,4.652406374613444,18
14216,0.0,-677.3038194444445,7.132728918559021,72
14220,0.0,-541.1755952380952,17.438982276689437,42
14224,0.0,-2222.423076923077,7.542725086212158,13
14225,0.0,-1294.2833333333333,7.315476322174073,15
14236,0.0,-1675.298076923077,5.709657907485962,13
14238,0.0,-1456.1973214285715,4.657649971544743,140
14247,0.0,-664.0833333333334,3.9200483251501015,27
14252,0.0,-1822.0652173913043,6.121768473607043,368
14255,0.0,-2300.4481452287496,21.25615922584588,15541
14259,0.0,-157.805,6.669172759056091,50
14272,0.0,-1276.3375083500334,22.741066434499654,1497
14273,0.0,-1822.53125,8.09980354309082,20
14281,0.0,-2099.9464285714284,16.45121889454978,28
14286,0.0,-1386.342013888889,6.670371893379423,72
14299,0.0,-1860.0502049180327,22.892952922914848,122
14313,0.0,459.99264705882354,4.568979992586024,17
14322,0.0,-885.1032608695652,18.18710491968238,46
14328,0.0,-1639.9285714285713,8.229033674512591,14
14347,0.0,-1672.079044117647,4.8515204410342605,68
14355,0.0,-1882.625,6.41948374418112,13
14358,0.0,-227.82954545454547,6.460919336839155,22
14378,0.0,-100.64163822525597,20.380170262307438,293
14399,0.0,-23.64453125,16.668902844190598,32
14400,0.0,-2374.93,10.081917503356934,125
14402,0.0,-2195.8076923076924,11.269828625214405,39
14405,0.0,-1442.7270114942528,6.433492689297117,87
14415,0.0,-1323.6691176470588,10.047514298382927,17
14417,0.0,72.62387387387388,4.9098716684289885,111
14423,0.0,-565.9224137931035,10.25768363064733,29
14425,0.0,-201.5096153846154,3.471739640602699,13
14426,0.0,580.5661764705883,4.071822411873761,17
14431,0.0,-1670.7395833333333,4.66661478082339,12
14432,0.0,-1719.4545454545455,6.544422344727949,11
14433,0.0,-1411.763888888889,16.819636461469862,45
14455,0.0,-1905.7954545454545,12.30987904288552,11
14458,0.0,-2110.693181818182,13.564534013921564,11
14478,0.0,-568.0972222222222,9.636487219068739,18
14480,0.0,156.37980769230768,4.19076866369981,26
14482,0.0,283.58152173913044,6.130195736885071,23
14484,0.0,-1150.7007575757575,6.952975905302799,33
14488,0.0,-428.79464285714283,10.857862676892962,14
14491,0.0,-1697.5588235294117,7.1117554692661065,17
14500,0.0,-1869.9015151515152,6.247371742219636,99
14503,0.0,-637.7182098765433,7.110043462338271,405
14504,0.0,193.22916666666666,5.017054027981228,36
14513,0.0,-1319.8653846153845,8.709614533644457,13
14514,0.0,-1256.2416666666666,9.680291334788004,15
14518,0.0,293.40368852459017,6.935006223741125,61
14522,0.0,-1428.5829439252336,16.61274827974979,107
14528,0.0,483.84659090909093,6.982629692012614,22
14535,0.0,-1411.7173913043478,3.906665921859119,23
14548,0.0,193.4733870967742,10.80154674745375,155
14550,0.0,-1465.9423076923076,13.37556032034067,13
14569,0.0,-754.5795454545455,9.320904081518,11
14584,0.0,155.48457124296232,8.524647488451174,2309
14591,0.0,-1396.5238095238096,5.007236770221165,21
14601,0.0,-1116.076923076923,6.4703874588012695,13
14611,0.0,-22.418715846994534,13.879277178824273,549
14617,0.0,-1502.4442567567567,9.680347919061377,148
14628,0.0,61.166666666666664,6.067618469397227,12
14640,0.0,-1357.5104166666667,4.999349544445674,12
14658,0.0,56.610719086021504,5.805609140965727,744
14681,0.0,467.03125,7.600345154603322,12
14693,0.0,-982.7039033457249,10.213648662757697,2690
14706,0.0,316.44166666666666,8.972188886006673,15
14714,0.0,-1349.25,4.936532997168028,13
14716,0.0,-451.9765625,15.446984738111496,16
14722,0.0,-1023.8461538461538,4.973631400328416,13
14725,0.0,-622.984375,12.573325157165527,24
14744,0.0,-1293.735655737705,5.718499992714554,61
14747,0.0,425.72115384615387,10.069775948157677,13
14749,0.0,-1917.95703125,6.345743093639612,32
14752,0.0,442.7916666666667,14.411187012990316,15
14762,0.0,438.675,12.996828937530518,15
14764,0.0,-631.7596153846154,15.07575091948876,13
14771,0.0,-705.9243421052631,5.258184618071506,38
14779,0.0,-897.0524193548387,4.562901150795721,31
14783,0.0,-1631.6661585365853,10.370886593330198,82
14790,0.0,-1753.076923076923,9.75518666780912,13
14791,0.0,-1768.59375,4.236638983090718,12
14796,0.0,-1004.9375,6.037152799963951,20
14816,0.0,-724.8713235294117,16.50151003108305,34
14817,0.0,-903.9886363636364,9.086376927115701,11
14818,0.0,-2772.7083333333335,6.588554124037425,18
14825,0.0,-271.4886363636364,5.024186643687162,11
14827,0.0,447.9916666666667,8.440029255549113,30
14830,0.0,-1709.5,12.184939444065094,16
14845,0.0,272.4588607594937,10.793300269525263,79
14847,0.0,-2227.8859649122805,7.93252392400775,57
14848,0.0,-1772.1171875,7.922821287065744,16
14853,0.0,335.2586206896552,6.554604604326445,29
14861,0.0,-2833.765625,7.482650031646092,24
14874,0.0,474.56418918918916,6.073728152223535,37
14880,0.0,-987.805,6.7915616130828855,25
14884,0.0,-810.4330985915493,5.3655854631477675,71
14887,0.0,-1366.861111111111,16.44693358739217,18
14892,0.0,351.5514705882353,7.335781076375176,17
14909,0.0,-819.1495786516854,5.277260205300337,178
14910,0.0,388.9464928057554,9.561538956255363,278
14917,0.0,369.1666666666667,3.0271630502409406,18
14922,0.0,-1937.9,6.156967127323151,55
14927,0.0,60.541666666666664,5.858935928344726,30
14952,0.0,-1962.8736263736264,19.570485770047366,91
14957,0.0,-2.5875670558535817,23.226233645798693,6338
14960,0.0,-96.63414634146342,8.818876323661184,246
14980,0.0,-1907.4375,6.62646624587831,42
14993,0.0,-1471.4442148760331,9.326703627247456,121
15003,0.0,-2247.2401315789475,19.398476462615164,38
15014,0.0,-2022.05,10.96484416325887,15
15041,0.0,-2227.4479166666665,7.99863076210022,12
15046,0.0,-2231.305,14.401452484130859,25
15052,0.0,507.15416666666664,11.218617397944133,150
15053,0.0,-1000.8359375,6.76518414914608,16
15056,0.0,-2215.2291666666665,5.465206424395244,12
15068,0.0,-245.88333333333333,9.784201256434123,15
15075,0.0,-1834.8068181818182,8.372912233526057,11
15079,0.0,129.01322115384616,7.252730254943554,104
15101,0.0,-1929.0166666666667,11.96457618077596,15
15106,0.0,-1789.390625,6.839870072901249,16
15113,0.0,-1900.9423076923076,4.877073232944195,13
15117,0.0,-304.52941176470586,9.607000603395349,17
15124,0.0,-2258.5555555555557,15.11612062101011,54
15128,0.0,-1787.8357142857142,6.196604408536639,35
15138,0.0,-2027.6083333333333,10.687038612365722,15
15157,0.0,-2229.2727272727275,11.245424855839122,22
15159,0.0,341.15833333333336,11.074158509572348,15
15161,0.0,-2234.0795454545455,9.906084710901434,11
15162,0.0,-2222.1,9.083053461710612,15
15176,0.0,-25.606456043956044,9.12368818298801,182
15183,0.0,73.1654411764706,4.936452848069808,34
15204,0.0,284.765625,5.330031879246235,16
15205,0.0,386.61309523809524,5.929929914928618,21
15206,0.0,531.2782258064516,10.691802619605935,93
15234,0.0,-300.4166666666667,4.109683945065453,21
15243,0.0,122.80729166666667,3.1975965102513633,24
15255,0.0,-1945.763888888889,9.244000021616618,45
15258,0.0,121.875,5.046207090903973,29
15263,0.0,-1525.1280864197531,8.603805106363179,81
15264,0.0,-2145.7604166666665,11.56749677658081,12
15270,0.0,459.1979166666667,7.244983792304993,12
15275,0.0,-1996.4782166123778,8.459244308380429,1228
15276,0.0,-2052.434027777778,14.218286077181498,36
15287,0.0,257.42934782608694,23.486320288284965,23
15300,0.0,200.36363636363637,5.537132501602173,22
15305,0.0,-2214.654761904762,7.051800977616083,21
15306,0.0,-1830.8315217391305,9.815246089645054,46
15311,0.0,534.7166666666667,16.36784299214681,15
15327,0.0,336.00324675324674,7.3253195765730625,77
15336,0.0,-3475.6041666666665,8.631423171361288,60
15353,0.0,-2211.5,7.982395681467923,11
15355,0.0,-2210.1317567567567,11.130967154696181,37
15369,0.0,-2237.0,9.982265528510599,17
15382,0.0,-1802.6377551020407,5.611151213548621,49
15383,0.0,-1850.59375,8.114838637411594,16
15388,0.0,-2030.736111111111,7.083304781052801,36
15418,0.0,349.61842105263156,6.565285883451763,19
15422,0.0,-2059.568181818182,3.0679103515364905,22
15425,0.0,-2246.84765625,8.110414154827595,32
15427,0.0,-1772.0096153846155,4.414869732581652,13
15450,0.0,-148.375,5.320960623877389,28
15461,0.0,-2136.2877358490564,5.175256288276528,53
15464,0.0,-1821.54296875,4.83086072653532,32
15471,0.0,-2226.6875,8.33061595261097,16
15475,0.0,-2220.866666666667,13.339596021175385,15
15484,0.0,82.38636363636364,4.813305442983454,11
15486,0.0,-949.3150684931506,7.158091461821778,73
15489,0.0,-2049.6833333333334,4.183196226755778,15
15509,0.0,-2226.2613636363635,9.364734530448914,11
15518,0.0,-3615.375,22.68884563446045,15
15528,0.0,-684.3738532110092,4.491214380625191,218
15532,0.0,-2074.7886138613862,14.302932596678781,505
15547,0.0,603.7440476190476,5.6754089423588345,21
15548,0.0,-2588.984375,15.46548456698656,16
15555,0.0,-1819.077380952381,6.444879047927403,42
15557,0.0,-1887.0661764705883,18.03573128756355,34
15569,0.0,377.4546568627451,8.453952890108614,102
15572,0.0,-3793.8078358208954,11.588256828820528,67
15573,0.0,-2067.927734375,6.6971885384991765,64
15574,0.0,-1752.6931818181818,11.587795626033436,11
15580,0.0,-1675.2898759415152,12.603857518668507,2257
15601,0.0,-2120.941287878788,13.179475018472383,66
15605,0.0,501.09957627118644,6.894560250185304,59
15609,0.0,-2208.3125,8.008244408501518,18
15610,0.0,-2233.519230769231,11.170541424017687,26
15616,0.0,-426.715,5.508154771327972,25
15626,0.0,-2915.5552894979983,15.734300884941302,16235
15661,0.0,-1800.0113636363637,5.679030429233205,11
15664,0.0,-853.8409090909091,5.447434013540095,11
15666,0.0,435.4557291666667,6.907454277078311,48
15668,0.0,-1084.679347826087,7.080699018810106,23
15677,0.0,-1777.46484375,6.304346151649952,32
15678,0.0,-1812.0916666666667,8.78709245522817,15
15698,0.0,-643.1700367647059,6.69469939961153,136
15699,0.0,-680.4473684210526,8.70535135269165,19
15714,0.0,-422.4971804511278,10.769046647208077,133
15723,0.0,-2277.3853211009173,17.198948034452737,109
15733,0.0,423.3068181818182,9.628860863772305,11
15735,0.0,-1737.175,8.097002299626668,15
15745,0.0,-255.19642857142858,10.961936899593898,14
15747,0.0,89.49342105263158,4.339952424952858,19
15753,0.0,-2215.328125,7.8903449177742,16
15754,0.0,-2232.0,10.45634175749386,17
15757,0.0,-593.3482142857143,2.8410698856626238,14
15762,0.0,-2093.5,10.277638387680053,15
15781,0.0,-2224.717105263158,13.573243895120788,57
15783,0.0,-2310.6903625954196,25.284955865554227,262
15785,0.0,501.65625,5.641688843568166,36
15792,0.0,-2138.610294117647,5.9134027502116036,17
15820,0.0,-1835.675,4.397328329086304,15
15831,0.0,-1930.0367647058824,9.094718316022087,17
15838,0.0,-2178.9615384615386,5.31643872994643,13
15843,0.0,-2193.625,9.363476449793035,11
15852,0.0,208.84375,4.836146600544453,16
15859,0.0,-2232.1875,8.90902933052608,14
15862,0.0,-2098.94375,7.687400671839714,20
15886,0.0,342.025,10.539797433217366,15
15891,0.0,-1850.34375,6.802383164564769,12
15892,0.0,-651.5795454545455,17.53297248031154,33
15894,0.0,-1009.8068459854485,6.132030329779467,15531
15899,0.0,-2245.239864864865,7.639624473210928,37
15902,0.0,-653.7708333333334,6.393549879391988,12
15907,0.0,276.7564724919094,12.309678735856485,309
15908,0.0,428.9982923497268,7.305493572370602,732
15913,0.0,-1839.0189393939395,23.755556922970396,66
15920,0.0,-1777.3386194029852,7.009101236711687,134
15923,0.0,-2197.814130434783,10.964745278980422,115
15946,0.0,-3852.85,8.52077299952507,20
15949,0.0,-1779.2552083333333,11.99188581109047,24
15951,0.0,-2201.275,5.369791992008686,20
15977,0.0,-2240.923076923077,5.168104501870962,13
15992,0.0,-2196.7604166666665,7.1564794182777405,24
15993,0.0,-2202.570833333333,8.510210551155938,90
15999,0.0,-1005.5220588235294,6.634374159223893,17
16000,0.0,-2236.8275862068967,13.671320705578244,29
16004,0.0,-1848.4013157894738,6.760645326815154,19
16034,0.0,-2194.684210526316,6.526534817720714,19
16037,0.0,-678.1756329113924,4.78722234966257,316
16039,0.0,-416.04133333333334,4.336180417617162,375
16057,0.0,-2190.4903846153848,5.024689669683303,273
16073,0.0,-2187.409090909091,10.205199284987016,22
16074,0.0,-811.1412302725969,26.65161643069307,1394
16077,0.0,-2678.1610576923076,8.755007065259493,52
16088,0.0,-2218.2125,6.445575429499149,100
16098,0.0,-1791.638888888889,8.185499588648478,27
16111,0.0,-2234.525,5.52175710995992,15
16136,0.0,-1829.6818181818182,8.23824947530573,11
16155,0.0,-1944.7907608695652,6.148973163055337,46
16158,0.0,-1621.365432882537,8.194593650388265,16933
16170,0.0,-3865.75,10.537873811191982,18
16171,0.0,-2169.529411764706,5.9114859314525825,17
16175,0.0,-1833.1709770114942,5.075742598580218,261
16176,0.0,-498.9953703703704,7.812057616534056,27
16177,0.0,-461.4375,8.044152975082397,34
16180,0.0,229.240625,5.769443243741989,40
16183,0.0,-1824.994718309859,7.671878324428075,71
16193,0.0,217.11436170212767,9.179430330687381,47
16199,0.0,-479.7135416666667,8.462525089581808,24
16212,0.0,-3913.296875,13.848491758108139,24
16219,0.0,-457.171875,12.451760560274124,16
16233,0.0,-504.90625,12.403783440589905,12
16251,0.0,-2221.76875,6.7551117777824405,20
16280,0.0,-442.79545454545456,6.441302082755349,33
16283,0.0,-2183.9913793103447,6.027999966308989,29
16289,0.0,281.6360294117647,9.99828076231129,34
16295,0.0,-464.10625,6.368130713701248,20
16302,0.0,-1062.7989130434783,6.695261758306752,23
16318,0.0,-2236.818181818182,4.950091231953014,11
16346,0.0,-649.0397727272727,13.785756494059708,66
16358,0.0,-2273.7921919479463,7.027710169681013,2459
16363,0.0,-2239.9333333333334,6.092792812983195,15
16381,0.0,-2246.3515625,9.394525293260813,16
16396,0.0,-2251.25,9.45181714404713,11
16398,0.0,-2243.6805555555557,8.607745064629448,27
16409,0.0,-434.28125,16.62785977125168,16
16413,0.0,253.0625,5.97034936149915,84
16416,0.0,-3883.7960526315787,13.626778502213327,38
16460,0.0,-2247.4155405405404,6.853329594070847,37
16463,0.0,-793.9998763600396,7.202231614978507,2022
16467,0.0,-24.145833333333332,12.959590832392374,12
16479,0.0,-2224.755681818182,5.571978403763338,22
16519,0.0,-1202.3914925373135,16.219907857802376,1675
16520,0.0,220.4,5.181359022855759,20
16525,0.0,-2251.580188679245,7.735645887986669,53
16530,0.0,-2570.746527777778,7.991906073358324,36
16533,0.0,-2248.5763888888887,9.101811846097311,18
16543,0.0,-925.8292253521126,11.13602299645473,213
16562,0.0,-461.14772727272725,8.494471484964544,11
16566,0.0,-2151.2386363636365,6.522801953960549,484
16607,0.0,458.1105769230769,7.113658460286947,26
16613,0.0,-661.546875,5.9935930371284485,16
16634,0.0,-2264.1644736842104,14.771566165120978,19
16667,0.0,475.99,7.670722513198853,25
16674,0.0,-2245.230769230769,9.871832664196308,13
16678,0.0,-180.17261904761904,14.053074291774205,21
16687,0.0,-1812.0166666666667,10.675534598032634,15
16688,0.0,116.77256944444444,5.461445257895523,72
16690,0.0,-2245.3234536082473,7.511387033560841,97
16700,0.0,-438.2613636363636,4.589940572326833,22
16708,0.0,-2237.656779661017,13.357265390245255,354
16711,0.0,-2200.766544117647,8.412736457936903,68
16717,0.0,527.5568181818181,5.660143635489724,11
16720,0.0,557.7259615384615,13.35412362905649,26
16723,0.0,-2204.0178571428573,15.340928963252477,14
16742,0.0,-1988.2194444444444,7.922190570831299,45
16751,0.0,-83.51785714285714,3.969477559838976,14
16760,0.0,-3471.9772727272725,8.378000714562155,11
16764,0.0,-1862.844427244582,11.268572997751619,323
16776,0.0,-576.7995614035087,10.378072207434135,285
16777,0.0,534.5104166666666,9.554904580116272,12
16783,0.0,-2376.9666666666667,8.364361556371053,15
16788,0.0,-2211.9821428571427,8.105169648215885,21
16796,0.0,-2198.8333333333335,9.04128656387329,15
16827,0.0,334.69117647058823,5.934195911183076,17
16842,0.0,-2311.3677042801555,12.924928362847302,257
16853,0.0,-1817.9833333333333,8.346236685911814,30
16869,0.0,-506.52142857142854,17.923694964817592,35
16880,0.0,-2263.8558558558557,11.800795676471951,111
16895,0.0,-994.1403846153846,7.610080924400917,65
16904,0.0,-2264.330078125,20.042272068560123,64
16916,0.0,48.83695652173913,16.582465710847273,23
16926,0.0,-3919.9129464285716,14.928828692861966,112
16928,0.0,-2221.9473684210525,6.37378716468811,19
16949,0.0,-2245.0,8.294921862451654,19
16957,0.0,-2223.2386363636365,5.408265774900263,11
16972,0.0,-2201.923076923077,10.098310984097994,13
16982,0.0,-2222.71875,17.43445626894633,12
16983,0.0,-2390.9506972111553,18.18549775920541,1255
16999,0.0,-2075.578125,7.790112694104512,24
17010,0.0,-760.5546875,6.676358103752136,32
17011,0.0,-3914.157608695652,13.164755292560743,46
17030,0.0,-1315.1552083333333,15.655071855646868,120
17043,0.0,633.0716911764706,18.408149978693793,204
17068,0.0,-3890.935606060606,14.962063558173902,33
17080,0.0,-2209.304069767442,6.363212041522181,215
17087,0.0,-1342.700742613367,5.86379606402006,12658
17090,0.0,-1040.6964285714287,15.121267625263759,14
17092,0.0,415.35833333333335,6.220729772912131,45
17095,0.0,-3869.4296875,8.926095709204674,16
17105,0.0,-812.05,6.17175931930542,15
17106,0.0,-2453.9574468085107,11.856236904225451,47
17109,0.0,-2250.575,9.369746458530425,40
17120,0.0,-744.7479166666667,10.107944529586367,180
17129,0.0,-819.9466815809097,5.2776472151479465,1341
17134,0.0,-2416.8958333333335,7.8958233793576555,12
17163,0.0,-3873.1704545454545,9.086968703703446,11
17197,0.0,-2238.1184210526317,6.879242545679996,19
17204,0.0,-1159.3486842105262,5.6803394305078605,19
17215,0.0,-2240.2944444444443,11.876886362499661,45
17230,0.0,-2145.5714285714284,7.111376830509731,14
17243,0.0,480.1111111111111,11.671780162387424,18
17253,0.0,-3861.320652173913,11.9835655481919,23
17257,0.0,-2223.4464285714284,12.913317918777466,14
17258,0.0,-2238.3333333333335,6.385761539141337,15
17288,0.0,488.88461538461536,10.598083972930908,13
17306,0.0,-2136.123991935484,6.819394535595371,124
17336,0.0,-3869.4923913043476,12.657037943515224,345
17344,0.0,-833.2007575757576,5.012593496929515,33
17356,0.0,-2214.125,7.407264351844788,12
17381,0.0,-2250.1617647058824,12.923545991673189,17
17407,0.0,-2934.6579545454547,7.342054256525906,110
17415,0.0,-2211.90625,7.674529075622559,20
17426,0.0,-735.6428571428571,8.578431163515363,21
17427,0.0,-2420.4375,8.581415832042694,12
17448,0.0,-2453.3541666666665,6.149440586566925,12
17451,0.0,-2209.394230769231,7.56205833875216,13
17453,0.0,-2196.7631578947367,8.43780345665781,19
17472,0.0,-825.4772727272727,7.248067834160545,11
17474,0.0,-2485.1637931034484,11.027281331193858,145
17483,0.0,-2358.117424242424,6.507904236966914,33
17506,0.0,-947.4236111111111,6.658219485371201,54
17508,0.0,-2452.5,7.895562022924423,16
17521,0.0,438.3875,10.580410742759705,20
17522,0.0,-3878.4886363636365,10.02817643772472,11
17524,0.0,-2245.117741935484,12.786476956644366,155
17534,0.0,-634.4605263157895,6.292947304876227,19
17538,0.0,-3860.3295454545455,10.999708219008012,11
17541,0.0,-2176.035714285714,6.268599356923785,14
17545,0.0,-85.10833333333333,12.041292508443197,15
17569,0.0,-1682.5238466334165,14.754282793053369,1604
17578,0.0,-2230.595588235294,10.154476614559398,34
17580,0.0,78.890081799591,8.625024501744711,978
17591,0.0,-2176.715,10.887802982330323,25
17604,0.0,-574.9274193548387,19.452532099139304,31
17622,0.0,-641.1597222222222,15.061402188407051,18
17625,0.0,-702.4074074074074,11.07807250523273,81
17626,0.0,-2556.625,11.056128570011683,14
17632,0.0,-2178.8303571428573,13.298425367900304,14
17633,0.0,-2193.875,12.90823096036911,16
17650,0.0,-3880.2946428571427,8.635144795690264,14
17651,0.0,-2199.0,16.45626756123134,14
17654,0.0,-2249.8295454545455,5.800399661064148,11
17657,0.0,-1027.32276119403,11.494371955074481,67
17669,0.0,-2499.8387096774195,14.419141077226207,31
17685,0.0,-1282.3553921568628,6.342568547117944,51
17693,0.0,-2266.0208333333335,5.224862049023311,12
17705,0.0,-2392.665064102564,21.13925477174612,78
17724,0.0,-2158.685,13.49939995765686,25
17753,0.0,-2497.0625,7.2571452538172405,30
17767,0.0,-2363.0694444444443,4.983080685138702,54
17777,0.0,-3807.0073529411766,9.986241200390984,17
17779,0.0,-2329.25,19.603275179862976,24
17781,0.0,-2062.5052083333335,16.543333848317463,24
17783,0.0,-2192.5714285714284,14.925856283732823,14
17786,0.0,-2226.3645121662103,10.976895011597273,185596
17807,0.0,-2700.921875,15.673793822526932,16
17822,0.0,-772.4573170731708,5.586215580381999,82
17827,0.0,-2458.5089285714284,9.970822266169957,14
17830,0.0,-2488.4791666666665,16.013758500417072,12
17858,0.0,-786.0922619047619,15.794882435174216,84
17866,0.0,-2527.8987068965516,22.60712380244814,58
17878,0.0,-881.8201219512196,10.008968379439377,82
17886,0.0,-2141.0113636363635,12.275723002173685,11
17887,0.0,-2214.0574324324325,5.486131088153736,37
17902,0.0,-2186.3303571428573,11.452476961272103,14
17906,0.0,-1321.8317307692307,8.23915510911208,26
17914,0.0,-955.8542588495575,19.443935844574707,1356
17915,0.0,-764.8653846153846,10.415750393500694,13
17924,0.0,-789.9220430107526,14.974749339524136,93
17952,0.0,124.6923076923077,11.959952427790714,13
17956,0.0,-2494.6612903225805,10.75953282079389,31
17975,0.0,-2254.2881355932204,9.713145801576518,59
17993,0.0,-3891.3333333333335,13.510247151056925,12
18008,0.0,-765.8623595505618,5.1070535611570556,89
18009,0.0,-1336.7670454545455,12.269611515782096,22
18019,0.0,-2303.4950980392155,20.4942529482,51
18023,0.0,-952.8072916666666,4.821892273922761,48
18046,0.0,-2535.8478260869565,8.271551600184994,138
18056,0.0,-789.8770491803278,13.608887820947366,61
18064,0.0,-2268.7259615384614,11.097717922467451,26
18085,0.0,-2481.352564102564,8.989203884051395,39
18089,0.0,-2396.69375,6.814730846881867,20
18090,0.0,-2244.3125,9.366343786319097,12
18102,0.0,-2494.528846153846,11.313331723213196,13
18107,0.0,-2273.9338235294117,15.956071643268361,17
18109,0.0,-1039.3945018796992,5.960385015248356,532
18128,0.0,-906.9166666666666,9.549557546774546,12
18129,0.0,-544.275,7.0625967502594,15
18134,0.0,1074.1538461538462,12.67295477940486,13
18150,0.0,-1543.7258771929824,17.793015806298506,57
18151,0.0,-751.2265625,8.653970889747143,16
18161,0.0,-924.1145061728395,13.321927523318632,405
18189,0.0,-2700.6710526315787,13.279911292226691,19
18215,0.0,-854.7403846153846,5.811394544748159,13
18220,0.0,-2511.2219827586205,6.898609194262274,58
18226,0.0,-2253.9166666666665,13.768976863225301,15
18230,0.0,-1200.65,12.36352710723877,15
18232,0.0,-1270.2083333333333,5.668941465078616,102
18254,0.0,-783.7142857142857,4.861824810504913,21
18261,0.0,-2588.7781065088757,8.0897034082187,169
18276,0.0,-2246.9338235294117,9.151126959744621,17
18304,0.0,-489.85833333333335,7.088647619883219,15
18309,0.0,-2480.6319444444443,15.285195800993177,18
18312,0.0,-2260.2386363636365,5.473142071203752,11
18322,0.0,-2619.594945355191,21.121137771124395,366
18335,0.0,-2455.824074074074,20.160862339867485,27
18341,0.0,-2232.8660714285716,11.920143502099174,14
18345,0.0,-2280.4886363636365,5.763112761757591,11
18361,0.0,-2460.3835227272725,12.371726789257742,44
18368,0.0,-1086.4816176470588,5.889114781921985,102
18372,0.0,-756.5949841125738,12.140146098168557,2203
18424,0.0,-2619.154411764706,8.128651422612807,17
18439,0.0,-3870.347222222222,15.669277994721025,27
18442,0.0,-2519.85,14.16038548151652,15
18445,0.0,-2457.533088235294,7.771097454954596,34
18446,0.0,866.6376518218624,5.109966925522577,247
18453,0.0,-2681.015625,10.114469796419144,16
18460,0.0,-2282.4326923076924,10.142304512170645,13
18461,0.0,-1097.2133838383838,4.840103721979893,99
18468,0.0,-575.24,6.799255723953247,25
18513,0.0,-550.84,6.298656644821167,25
18520,0.0,-1415.2788461538462,13.676723076747013,13
18556,0.0,-2465.8981481481483,13.9329321914249,27
18564,0.0,-569.03125,7.7241984605789185,12
18567,0.0,-2537.5356012658226,12.482648390757886,158
18574,0.0,-2464.9094827586205,17.20974717469051,29
18588,0.0,-2448.8832236842104,7.124893072404359,76
18598,0.0,-573.1544117647059,5.0293547370854546,17
18610,0.0,-584.6071428571429,14.398462113879976,21
18633,0.0,-1104.825,7.642308916364398,35
18642,0.0,-2470.318181818182,6.913868698206815,11
18649,0.0,-2294.1041666666665,5.59209422270457,24
18658,0.0,-2420.6125,12.239978420734406,20
18705,0.0,-2539.8785714285714,6.256861335890633,35
18706,0.0,-2497.484375,14.535219249626001,48
18743,0.0,-890.7875,7.069607700620379,70
18748,0.0,-2699.3522727272725,7.211122898140339,99
18752,0.0,-2458.7916666666665,14.177188396453857,12
18768,0.0,-2566.4166666666665,9.63655752605862,27
18776,0.0,-1224.265625,5.106564402580261,16
18789,0.0,-2284.0,6.012006192207337,25
18794,0.0,-1111.0787037037037,12.562227452242816,27
18799,0.0,-972.8522727272727,5.9354050592942675,11
18819,0.0,-2233.3828125,10.793916381895542,16
18839,0.0,-1144.9,7.091295419420515,70
18842,0.0,-1252.858695652174,3.1511133753735088,23
18878,0.0,935.3602941176471,7.4704428017139435,17
18880,0.0,-2483.8355263157896,16.897842457419948,19
18884,0.0,-2237.0520833333335,8.273429234822592,12
18897,0.0,-892.4608333333333,9.618104771773021,300
18905,0.0,-2285.8636363636365,5.147031025453047,11
18918,0.0,-2524.85625,8.842317700386047,20
18942,0.0,-2255.8020833333335,12.373515009880066,12
18955,0.0,-959.7333333333333,4.640681807200114,15
18971,0.0,-744.6276595744681,6.859901374958931,47
18972,0.0,-2496.658653846154,16.684166431427002,26
18975,0.0,-2247.74375,11.940517997741699,20
18991,0.0,-2692.8303571428573,7.875532737800053,28
18993,0.0,-1118.6458333333333,3.082299053668976,12
19002,0.0,951.1472222222222,6.585763083343153,135
19059,0.0,-2445.1041666666665,13.311381409565607,24
19075,0.0,-2420.9861111111113,7.651226851675245,18
19104,0.0,-2647.3655303030305,11.088235584172336,198
19113,0.0,-2270.7675,6.173454959392547,50
19127,0.0,-2557.337962962963,8.934293777854354,27
19131,0.0,-2255.675,6.742110947767894,30
19135,0.0,-2278.2901785714284,5.679467948419707,28
19151,0.0,-1425.371153846154,3.6520856097340584,130
19170,0.0,-2536.8863636363635,7.559485587206754,11
19178,0.0,-3796.2329545454545,7.7031383676962415,22
19231,0.0,-940.6958333333333,3.310632514953613,30
19233,0.0,-3850.0454545454545,6.8682029680772265,11
19237,0.0,-2571.5546875,14.764016270637512,16
19264,0.0,-2233.6022727272725,11.787690075961025,11
19278,0.0,-2459.2596153846152,12.190845416142391,13
19285,0.0,-1135.9166666666667,4.648939073085785,12
19292,0.0,400.9886363636364,4.067276651209051,11
19296,0.0,-2512.935185185185,7.311631798744202,27
19301,0.0,1457.1041666666667,15.19486896197001,12
19308,0.0,-965.7604166666666,3.062508006890615,12
19312,0.0,-1032.0979095563139,5.542216177355917,1172
19318,0.0,-2544.4166666666665,9.016547971301609,27
19319,0.0,-2488.503968253968,15.286813361304146,63
19321,0.0,-2308.6179435483873,18.834014753180167,124
19323,0.0,-2274.675,4.71239592730999,20
19335,0.0,-2445.8928571428573,18.385353795119695,28
19348,0.0,-1030.6651785714287,7.484042082514081,28
19350,0.0,1104.8653846153845,9.031563630470863,13
19359,0.0,-1288.5657894736842,12.289660077346,19
19374,0.0,-1007.9565217391304,3.4508392072242238,46
19375,0.0,-922.7596153846154,6.013245252462534,13
19376,0.0,-868.2008928571429,15.575080156326294,28
19377,0.0,382.9638888888889,6.5265431510077585,45
19384,0.0,-2266.5773809523807,6.301844579832895,21
19404,0.0,-2261.671875,7.968136101961136,16
19409,0.0,-1171.7916666666667,11.380635279984702,42
19421,0.0,1075.3413461538462,5.784076627630454,26
19462,0.0,-2526.2430555555557,6.55142264895969,18
19464,0.0,-2476.6666666666665,16.095841621359188,48
19468,0.0,-1367.4605263157894,6.900065578285017,190
19486,0.0,1476.4,16.802331034342448,15
19518,0.0,-1145.985294117647,3.709617867189295,17
19529,0.0,-2726.284090909091,8.63717683878812,22
19530,0.0,-2509.425,7.386271562576294,25
19531,0.0,-2356.34375,15.147944927215576,20
19547,0.0,-985.2291666666666,5.010512477585247,126
19566,0.0,976.625,9.864317192750818,17
19590,0.0,-1161.1052631578948,3.789802284617173,19
19597,0.0,-1032.25,4.826195846904408,11
19609,0.0,-1604.4642857142858,4.676188502992902,119
19615,0.0,-2264.7039473684213,6.454019113590843,19
19617,0.0,-2277.4602272727275,5.394536427476189,22
19627,0.0,-438.28125,3.910636931657791,16
19655,0.0,-2252.9204545454545,6.941345301541415,11
19664,0.0,-984.8161764705883,4.054781105588464,17
19669,0.0,-2532.84375,7.980201085408528,12
19674,0.0,-2271.087121212121,13.797537962595621,33
19682,0.0,-2525.255,13.37178150177002,25
19690,0.0,-2968.759328358209,10.721613755866663,67
19714,0.0,-2616.5535714285716,8.083824617522103,28
19715,0.0,-2450.5,13.702638578414916,15
19718,0.0,-1410.6634615384614,9.579354625481825,13
19731,0.0,-1632.9134615384614,15.233465781578651,26
19736,0.0,-2472.866666666667,13.2197314898173,15
19737,0.0,-2267.9545454545455,9.294240019538186,11
19772,0.0,-1007.9711538461538,13.368306196652926,13
19777,0.0,-502.67261904761904,15.877816677093506,21
19780,0.0,-2725.553370786517,7.9347125733836315,89
19781,0.0,-2470.654411764706,15.599921787486357,17
19795,0.0,-2575.1435185185187,6.703592154714796,27
19803,0.0,-1938.71875,9.522977749506632,12
19820,0.0,-2276.33125,10.192465376853942,20
19842,0.0,-1154.1541666666667,5.396385109424591,30
19876,0.0,-1051.2579787234042,4.325502963776284,47
19880,0.0,-2469.9021739130435,14.748234997624936,23
19882,0.0,-2281.9861111111113,6.059359020657009,18
19931,0.0,-496.8557692307692,4.085295163668119,13
19932,0.0,-2947.4295774647885,9.374872702947805,71
19938,0.0,-2278.5474137931033,5.850462668928607,29
19939,0.0,-942.2805555555556,4.9692614926232235,45
19956,0.0,-1009.7430555555555,23.001018012011492,54
19982,0.0,-2481.625,16.474196195602417,16
20012,0.0,-1048.403409090909,3.456148508597504,44
20015,0.0,-2565.7887931034484,7.784783692195497,29
20028,0.0,-533.0504032258065,4.277147527663939,124
20044,0.0,-3842.410447761194,10.103655987711095,67
20061,0.0,-1072.7713957055214,14.201677371131861,1630
20067,0.0,-2426.529411764706,14.16423243634841,17
20068,0.0,-2359.5958333333333,8.291927907864252,30
20105,0.0,-3892.568181818182,11.003320898672547,99
20108,0.0,-2609.709375,8.551262104511261,40
20110,0.0,-2286.657608695652,14.136595186979875,23
20128,0.0,-821.8295454545455,4.830638191916726,22
20130,0.0,-2791.2685810810813,9.570409046637046,74
20131,0.0,-2634.09649122807,6.89450819032234,57
20159,0.0,-2437.801470588235,9.182658546111163,17
20172,0.0,-1020.5340909090909,4.923832850022749,11
20179,0.0,-3834.4479166666665,16.73026688893636,12
20180,0.0,-2674.6588235294116,11.632782074984382,85
20211,0.0,-1075.3583333333333,4.457142856385973,45
20222,0.0,-2421.1184210526317,12.699498088736282,19
20237,0.0,-775.0887096774194,7.779094884472508,31
20239,0.0,-606.4318181818181,8.434991988268765,11
20246,0.0,-2270.3920454545455,19.405057408592917,22
20282,0.0,-1034.09375,5.517423053582509,12
20287,0.0,-2607.9166666666665,7.31541321391151,21
20320,0.0,-957.0,17.117824132625874,26
20333,0.0,-2557.516304347826,15.844406532204669,23
20348,0.0,-587.9059633027523,5.062887663141303,109
20351,0.0,-2476.3881578947367,15.43715258648521,19
20363,0.0,-2585.019230769231,12.060026572300838,13
20385,0.0,-2526.181818181818,11.785926125266336,11
20389,0.0,-2265.71875,8.329915245374044,12
20394,0.0,-1043.121212121212,7.17547313191674,33
20435,0.0,-1093.8289573820396,5.841583951695324,657
20451,0.0,-3376.596153846154,13.879377548511211,13
20456,0.0,-2597.201923076923,14.304739676989042,13
20473,0.0,-2468.681818181818,10.362137230959805,11
20482,0.0,-879.9204545454545,6.481636600060896,11
20524,0.0,-3780.431818181818,10.042882485823197,11
20554,0.0,-779.0775862068965,7.0866792818595625,29
20561,0.0,-2600.7028985507245,9.023836004561272,207
20611,0.0,-1035.0428571428572,3.6446774039949688,35
20619,0.0,-2518.070394736842,13.700906919805627,190
20638,0.0,-2777.403846153846,6.08961530832144,13
20639,0.0,-2534.8125,11.128107249736786,16
20640,0.0,-2448.551470588235,14.129531467662138,17
20664,0.0,-3839.409722222222,16.08846766418881,18
20711,0.0,-277.1875,8.421640293938774,14
20721,0.0,-3820.175925925926,11.11343757311503,27
20726,0.0,-2275.385,13.389032459259033,25
20749,0.0,-2627.1363636363635,8.547318631952459,11
20798,0.0,-3778.2763157894738,8.71991643152739,19
20799,0.0,-2543.565476190476,17.759394872756232,21
20802,0.0,-853.1354166666666,6.2483164469401045,12
20815,0.0,-636.3532608695652,7.9903853768887725,23
20821,0.0,-2542.794117647059,11.44572908036849,34
20822,0.0,-2526.2045454545455,12.290984110398727,11
20895,0.0,-2637.875,13.205827690660954,32
20903,0.0,-2277.2337662337663,5.4718863205476245,77
20951,0.0,-2271.7589285714284,6.917778551578522,14
20979,0.0,-2525.1631355932204,8.304852760444254,59
21004,0.0,-495.8616666666667,7.7059719290335975,150
21034,0.0,-850.2954545454545,9.849568367004395,11
21038,0.0,-951.9772727272727,6.610686930743131,22
21051,0.0,-2474.7176966292136,9.209603680653519,89
21057,0.0,-848.5795454545455,5.029338749972257,11
21067,0.0,-705.7142857142857,10.970769026449748,14
21098,0.0,793.046052631579,6.418767314208181,19
21182,0.0,-2535.315476190476,7.289743968418667,21
21196,0.0,-834.7833333333333,10.878804715474446,15
21226,0.0,770.2578125,4.09516204148531,16
21244,0.0,-750.4981617647059,9.752995630397516,68
21277,0.0,-814.5803571428571,7.836902643953051,14
21280,0.0,-1129.7641509433963,6.967218247599572,159
21300,0.0,-2558.696261682243,14.314652255762404,107
21310,0.0,-212.30769230769232,2.870455961961013,13
21316,0.0,542.4840733590734,6.042565658861146,259
21320,0.0,-2504.1774193548385,12.7633556050639,31
21327,0.0,-971.8382352941177,6.990673485924216,17
21372,0.0,-3855.108695652174,7.357612789972968,46
21380,0.0,-2470.1160714285716,15.823916912078857,14
21406,0.0,806.7727272727273,14.221226865595037,22
21425,0.0,-2729.93125,6.761959671974182,20
21430,0.0,830.2666666666667,21.95504508548313,45
21434,0.0,-944.9196428571429,6.252615826470511,14
21458,0.0,-877.926724137931,8.899279808175974,29
21466,0.0,-3810.748355263158,12.578475108272151,76
21479,0.0,-839.5083333333333,6.574538199106852,15
21492,0.0,-3796.8522727272725,9.888997489755804,11
21493,0.0,-2415.1477272727275,5.01364220272411,11
21515,0.0,-3792.1955128205127,10.2290092309316,39
21517,0.0,-2674.3303571428573,16.322950136093866,42
21522,0.0,-2565.951923076923,15.301443714361925,26
21539,0.0,-960.0889945652174,4.629223535836175,552
21544,0.0,-2381.9741379310344,14.575491485924557,29
21559,0.0,-807.1770833333334,6.235053992519776,12
21563,0.0,-993.9476351351351,4.1903543875024125,74
21569,0.0,504.5108695652174,6.206088809863381,23
21570,0.0,-3805.576923076923,7.205937183820284,13
21573,0.0,-2663.284090909091,7.155168056488037,11
21595,0.0,-465.7392857142857,6.743366282326835,35
21621,0.0,-738.9318181818181,6.802904241012804,66
21626,0.0,-1520.0687685007836,13.752404542489577,68916
21643,0.0,-663.1467391304348,4.066824136868767,23
21647,0.0,-3816.4479166666665,12.939282298088074,12
21649,0.0,-2523.0392857142856,10.924432986123222,35
21686,0.0,700.3683035714286,19.35287525824138,56
21735,0.0,-2533.548076923077,6.320234518784743,13
21768,0.0,-1037.7026470588235,5.06953468820628,425
21769,0.0,-456.37916666666666,10.982716047763825,30
21789,0.0,-725.3653846153846,6.890542195393489,13
21802,0.0,-637.2279411764706,16.382840773638556,17
21825,0.0,-2395.691964285714,16.673302548272268,28
21828,0.0,-610.84375,3.8522871086994805,12
21841,0.0,-1314.7240995230923,20.338690333244163,7968
21842,0.0,-2357.855998509687,14.89054328247616,671
21892,0.0,523.3629807692307,9.522537368994493,156
21895,0.0,-2536.162878787879,6.910608089331425,33
21898,0.0,-2505.1,17.641885662078856,20
21899,0.0,-2382.6923076923076,6.096511730780969,13
21907,0.0,-919.3421052631579,7.500144669884129,19
21925,0.0,-1002.4886363636364,7.417415532198819,11
21933,0.0,-877.1736111111111,7.739745391739739,18
21947,0.0,-3789.676470588235,16.928712059469785,17
21954,0.0,-1007.1160714285714,5.2754122870309015,28
21977,0.0,-2470.528846153846,6.747629642486572,13
22048,0.0,-605.3913043478261,4.141957832419354,23
22074,0.0,-2492.885135135135,23.0382543254543,37
22099,0.0,-2664.353125,7.404038596153259,40
22107,0.0,-914.75,5.204851852522956,18
22170,0.0,-2679.25,7.751619429782379,86
22171,0.0,-2675.5546875,14.982009410858154,16
22192,0.0,-896.9619565217391,17.8004092755525,23
22238,0.0,-1047.8416666666667,10.453130213419596,15
22257,0.0,-3791.475,16.858875775337218,20
22258,0.0,-3778.586111111111,8.797619546784295,45
22259,0.0,-2844.337802768166,12.116806899181286,289
22260,0.0,-2679.35,14.699474658966064,25
22284,0.0,-2812.81640625,13.009416418150067,64
22310,0.0,781.5892857142857,18.356269057916137,49
22327,0.0,-971.79,21.76006191253662,25
22340,0.0,-296.05495689655174,9.473488421275698,116
22378,0.0,-3810.4276315789475,8.983206598382248,19
22379,0.0,-3788.8333333333335,8.031493813903243,27
22397,0.0,-2666.565,11.284654693603516,25
22421,0.0,-2690.25,17.315430665016173,20
22448,0.0,-2364.8508064516127,19.207329196314657,31
22449,0.0,-1081.7596153846155,10.845590719809898,13
22482,0.0,-809.7556818181819,11.402668324383823,22
22503,0.0,-2451.706730769231,12.402300648964369,26
22509,0.0,-2032.3097826086957,7.436468119206636,23
22514,0.0,-1066.5750966910184,8.100574526706888,2327
22528,0.0,-583.054794520548,4.453659603091544,146
22530,0.0,-2477.0526315789475,7.519487431174831,19
22601,0.0,-2630.6640625,13.926976650953293,16
22618,0.0,513.9134615384615,5.814746709970327,13
22619,0.0,565.8482142857143,10.524330462728228,28
22625,0.0,-2484.0178571428573,10.440665262086052,14
22646,0.0,-3802.38671875,16.191265299916267,32
22649,0.0,-2351.2045454545455,12.673531949520111,11
22650,0.0,-2434.9411764705883,10.629570722579956,17
22651,0.0,-2465.46875,8.754291514555613,12
22667,0.0,-2673.7727272727275,13.924173571846701,11
22712,0.0,-88.3974358974359,5.916417132203396,78
22729,0.0,-836.4326923076923,6.459831774234772,13
22764,0.0,553.125,8.38661679354581,11
22767,0.0,-2785.4088164251207,12.257159335601733,207
22768,0.0,-2794.3295454545455,6.065143054181879,11
22775,0.0,-1082.7546296296296,6.0517246414113925,27
22817,0.0,-3761.096153846154,14.912885684233446,13
22839,0.0,-3493.4605263157896,8.2900938736765,19
22864,0.0,-1490.2768734643735,6.398047253553566,1628
22867,0.0,-849.9276315789474,4.207121158901014,19
22875,0.0,-1134.851358550879,12.67752582190452,1877
22878,0.0,-542.7159090909091,4.635482679713856,11
22886,0.0,-1614.9956896551723,6.844796249578739,58
22910,0.0,-2684.095588235294,18.125556735431445,34
22914,0.0,-1066.4375,6.132161906787327,14
22929,0.0,255.72368421052633,6.819148607944188,38
22930,0.0,-3252.5625,10.579208294550577,12
22933,0.0,-2686.6366279069766,6.912478424781977,43
22938,0.0,-2381.5583333333334,15.863148498535157,15
22963,0.0,-2373.284722222222,18.697720289230347,18
22966,0.0,-1090.9925,6.658789669275284,50
22981,0.0,-1037.763392857143,5.336481213569641,28
23006,0.0,-709.5057339449542,4.680900457733815,436
23013,0.0,-2496.4451754385964,8.484255014804372,114
23019,0.0,-367.86041666666665,15.621792496244113,120
23098,0.0,-1064.9903846153845,5.017827437474177,13
23113,0.0,-614.3532608695652,4.85258549451828,23
23143,0.0,-2671.2554347826085,7.916148279024207,23
23159,0.0,-602.6599462365591,6.569408585948329,93
23160,0.0,566.3653846153846,6.269496734325703,39
23163,0.0,-2734.5833333333335,15.20357223086887,45
23164,0.0,-2443.1785714285716,20.19128428867885,35
23241,0.0,-633.5848214285714,12.369535786764962,28
23248,0.0,-2799.0390625,17.86616149544716,16
23274,0.0,-2718.6634615384614,4.914639507348721,26
23280,0.0,-1090.267857142857,7.241771837643214,35
23284,0.0,-470.6145833333333,2.7561771969000497,12
23293,0.0,611.030303030303,5.613294908494661,33
23328,0.0,-412.8557001795332,13.746714389944847,557
23359,0.0,460.1764705882353,5.733504726606257,17
23363,0.0,-936.0203488372093,5.279373862022577,43
23365,0.0,-197.3653846153846,10.102476376753588,13
23383,0.0,-628.2008928571429,4.4400438623768945,28
23391,0.0,-2693.9796511627906,9.851221891336662,43
23395,0.0,-2336.6814516129034,7.772873693896878,31
23409,0.0,-870.8822408536586,4.3895295520835536,328
23427,0.0,-879.3107541899441,3.8968438040777293,179
23477,0.0,-743.48125,3.934880220890045,20
23500,0.0,-601.0575471698113,4.097581392920242,530
23506,0.0,-2776.6994047619046,10.768919477860132,42
23520,0.0,-904.1546610169491,11.871502803543867,59
23528,0.0,-2402.8680555555557,11.64127662844128,90
23545,0.0,-2787.09375,7.994945752620697,20
23555,0.0,-15.154761904761905,3.9990443048023043,21
23578,0.0,-837.7265625,4.634635258466005,16
23599,0.0,-2800.96875,11.671753227710724,12
23626,0.0,-259.125,10.648563941319784,21
23629,0.0,-487.8636363636364,6.925334518606013,11
23651,0.0,-120.11805555555556,9.496967408392164,18
23659,0.0,-944.2828282828283,13.0206715940225,99
23668,0.0,-279.09659090909093,10.101902116428722,22
23678,0.0,-2595.525,9.659669714503819,45
23681,0.0,-2450.423076923077,15.179506081801195,13
23682,0.0,-716.031914893617,6.1487045034449155,47
23688,0.0,-439.5546875,9.474157877266407,32
23691,0.0,-1107.6822444041138,14.08152182549769,14877
23700,0.0,-1352.236111111111,7.000812349496065,27
23703,0.0,-3780.0185185185187,7.950846257033171,27
23704,0.0,-2739.6375,7.422726684808731,20
23713,0.0,-516.3885135135135,9.400441762563345,37
23742,0.0,-2760.108108108108,10.13542965940527,37
23744,0.0,-2382.7976190476193,15.03715605962844,21
23762,0.0,-3793.3416666666667,13.715391000111898,15
23795,0.0,483.2980769230769,21.49591721021212,39
23812,0.0,-2348.875,5.419914093884555,11
23814,0.0,-2414.5520833333335,13.565999666849772,12
23826,0.0,-878.16796875,2.4999565593898296,32
23835,0.0,-257.21634615384613,12.520018705954918,26
23845,0.0,-3802.2426470588234,7.964513484169455,17
23855,0.0,-408.6136363636364,10.55276159806685,11
23856,0.0,-424.2756797583082,6.452657409665088,331
23915,0.0,-889.3348214285714,6.730962753295898,28
23918,0.0,-3808.375,11.495131145824086,11
23920,0.0,-2724.8184523809523,17.904346051670256,84
23921,0.0,-2661.2613636363635,7.135425047440962,11
23922,0.0,-2669.565476190476,8.897155402435196,126
23930,0.0,-320.9728260869565,15.422278228013411,23
23932,0.0,-359.6736111111111,3.3761244085099964,18
23966,0.0,-2642.684027777778,14.098403960466385,36
24010,0.0,-2686.410714285714,10.5636168888637,14
24012,0.0,-127.58047945205479,5.531473061809801,73
24026,0.0,-3810.784090909091,13.944882121953098,11
24034,0.0,-353.4457547169811,15.916829298127372,53
24068,0.0,-878.2857142857143,15.266137191227504,14
24084,0.0,-2312.659090909091,10.326764106750488,11
24095,0.0,-885.75,5.71540595803942,14
24100,0.0,-3846.9583333333335,7.662901951207055,18
24112,0.0,-2252.097972972973,7.0239008214022665,37
24119,0.0,-347.4475,9.723427754640579,100
24132,0.0,-911.9895833333334,1.980617533127467,12
24142,0.0,-85.3529411764706,7.735989374272964,17
24151,0.0,-901.8029411764705,11.384653864187353,85
24161,0.0,-1393.2604166666667,5.793210566043854,12
24171,0.0,-603.9660377358491,7.110761200594452,265
24191,0.0,-2790.9375,14.611688312888145,30
24214,0.0,-2382.5416666666665,15.685331636004978,18
24255,0.0,-627.6363636363636,10.551095312291926,11
24258,0.0,240.78125,7.65486220518748,12
24266,0.0,-1032.0054347826087,4.618143029834913,23
24330,0.0,-885.7183333333334,4.87242823600769,75
24333,0.0,-199.4375,25.177708625793457,14
24340,0.0,-919.725,14.402038707733155,25
24350,0.0,198.29166666666666,7.38205623626709,12
24351,0.0,187.98611111111111,11.115496070296675,27
24352,0.0,-3875.1918604651164,12.76663837044738,172
24390,0.0,227.07291666666666,12.261609196662903,12
24393,0.0,-3782.630681818182,13.736379926854914,22
24408,0.0,-947.77734375,15.265572309494019,32
24411,0.0,224.06944444444446,8.908000800344679,18
24414,0.0,-931.1346153846154,4.141680558522542,39
24461,0.0,-382.96666666666664,8.343518463770549,15
24488,0.0,-753.4755067567568,8.216593937696638,296
24492,0.0,-3829.4305555555557,10.82159717877706,18
24515,0.0,-2513.4016587677725,11.054590938215572,211
24543,0.0,192.29464285714286,6.552570257868085,28
24549,0.0,-1065.6198096885814,6.499628459087293,289
24579,0.0,-666.3132352941177,8.420985712724573,170
24584,0.0,-944.1136363636364,4.295403350483287,11
24585,0.0,153.3367385786802,15.007738650283837,1970
24597,0.0,-3769.59375,11.49068115154902,12
24613,0.0,-2718.753623188406,7.835904480754465,69
24628,0.0,-2655.269230769231,13.036262182088999,13
24636,0.0,-183.57758620689654,12.238717350466498,29
24662,0.0,-159.71370967741936,13.165283295416064,31
24665,0.0,-441.5128205128205,7.321701887326363,39
24672,0.0,-3901.3483333333334,16.67450450261434,75
24679,0.0,-2382.590277777778,10.025961246755388,18
24682,0.0,1015.7916666666666,15.899404366811117,12
24709,0.0,-728.9886363636364,9.252249414270574,11
24726,0.0,-913.4090909090909,8.080521973696621,11
24753,0.0,-785.6384297520661,2.98173856070219,121
24771,0.0,78.75347222222223,8.909815011752976,72
24828,0.0,-213.05523255813952,10.586014669994976,43
24836,0.0,-3852.858974358974,16.666285294752853,39
24840,0.0,-2657.625,10.064143491827924,23
24855,0.0,-706.5681818181819,11.049966465343129,11
24861,0.0,-2693.48828125,11.425539426505566,32
24876,0.0,-2722.85625,6.580311965942383,20
24879,0.0,-2359.5271739130435,18.615600088368293,46
24880,0.0,-1275.3399122807018,5.757539445893807,57
24891,0.0,-2455.275,6.348686669766903,20
24896,0.0,-646.890625,6.592963647842407,40
24915,0.0,196.6875,7.439733266830444,12
24935,0.0,-543.9748990918264,21.091995394314093,991
24952,0.0,-689.5915697674419,5.414400610812875,258
24959,0.0,-2658.0078125,9.104382712393999,32
24961,0.0,-2415.1458333333335,15.804027636845907,18
24969,0.0,-1228.0385068724563,26.847067553812547,65115
24973,0.0,129.99305555555554,6.705590056048499,18
24974,0.0,150.35127737226279,9.271294496790336,137
24980,0.0,-1085.4076086956522,11.421758568805197,23
24981,0.0,-1079.5113636363637,3.6670188036831943,11
24991,0.0,-3836.0916666666667,12.182415278752645,30
24993,0.0,-3784.6041666666665,11.122595111529032,12
25002,0.0,-609.1339285714286,6.850426742008755,14
25027,0.0,1097.67,6.987872848510742,25
25031,0.0,-750.8311403508771,9.50579621917323,57
25033,0.0,209.20192307692307,7.947676475231464,13
25044,0.0,-2421.659090909091,6.9230500324205915,22
25050,0.0,-1097.75,9.276773676727757,66
25063,0.0,185.95416666666668,11.864563608169556,30
25065,0.0,-3814.8988095238096,6.653881612278166,21
25066,0.0,-2595.1470588235293,10.733661960153018,17
25078,0.0,-2482.627551020408,19.104939976517034,49
25089,0.0,-3837.746951219512,12.802984572038419,41
25091,0.0,-2654.4868421052633,7.063109561016685,19
25094,0.0,-2373.2,14.254583644866944,20
25120,0.0,-140.52364864864865,6.8990329890637785,37
25125,0.0,-2384.3977272727275,6.6326845992695205,11
25131,0.0,1279.7425337186899,8.372665053344761,519
25144,0.0,-2687.425,9.964871344566346,50
25155,0.0,-269.7416666666667,4.441425418853759,15
25162,0.0,-2703.046875,20.818708270788193,32
25178,0.0,-643.1617647058823,15.387830439735861,17
25183,0.0,-827.3854166666666,5.405703584353129,12
25184,0.0,207.65625,8.096179862817129,24
25191,0.0,-688.8989726027397,6.16067901131225,73
25194,0.0,-743.8266129032259,9.414974850993003,31
25227,0.0,-2686.7554347826085,7.424506063046663,23
25246,0.0,-2448.9423076923076,9.956028956633348,13
25253,0.0,-604.0280612244898,7.220948243627743,49
25261,0.0,-2474.2638888888887,10.939648005697462,18
25262,0.0,-471.74375,11.949172979593277,20
25279,0.0,67.9702380952381,6.780018352326893,21
25305,0.0,-3818.3888888888887,8.016052696439955,45
25307,0.0,-2364.160714285714,9.3171455178942,14
25319,0.0,577.9209770114943,12.773580975916193,87
25333,0.0,-3818.266304347826,8.607440899247708,46
25334,0.0,-3811.233333333333,12.562752564748129,15
25345,0.0,-830.5166666666667,6.009309005737305,15
25347,0.0,267.27777777777777,11.330320530467564,18
25357,0.0,-680.9264705882352,4.015418010599473,17
25360,0.0,-284.6102941176471,7.045686651678646,17
25361,0.0,271.95535714285717,5.926451393536159,14
25368,0.0,-2428.66875,13.566824555397034,20
25411,0.0,-2655.765625,12.186922162771225,16
25429,0.0,-3798.7875,7.627336025238037,20
25459,0.0,-296.8541666666667,5.2776908079783125,12
25462,0.0,-3896.9669491525424,12.982027753328873,295
25483,0.0,-588.0673076923077,6.332650459729708,13
25484,0.0,-712.3602216748768,10.521105859862956,609
25495,0.0,-2444.094298245614,7.235024519133986,57
25504,0.0,-855.6036585365854,4.772456927300711,492
25509,0.0,-2404.8125,15.988173385461172,24
25521,0.0,-2365.4657534246576,18.448083753455176,73
25537,0.0,-350.3125,4.847667621076107,80
25544,0.0,-2051.324074074074,7.5643929110633,54
25577,0.0,-1972.5625,7.1286764826093405,14
25578,0.0,424.8263888888889,11.12169599533081,18
25603,0.0,-331.69921875,4.579787645488977,32
25608,0.0,-2382.2083333333335,16.815825515323215,18
25617,0.0,-2635.8828125,11.069335490465164,32
25623,0.0,374.26785714285717,13.608755043574742,28
25633,0.0,-2670.964285714286,10.807315996715001,14
25638,0.0,-431.04891304347825,5.980377674102783,23
25660,0.0,-2143.03125,20.106956640879314,12
25662,0.0,-3794.5705128205127,11.031535478738638,39
25671,0.0,840.2426470588235,11.307523790527792,17
25679,0.0,-1144.0119047619048,6.455548286437988,21
25684,0.0,-134.83035714285714,9.958263075067883,84
25720,0.0,-346.45974576271186,11.936194436024811,59
25726,0.0,-2705.107824427481,11.802705944949434,131
25728,0.0,-2650.412037037037,17.251471007311785,27
25733,0.0,-600.0961538461538,6.058964374737862,39
25753,0.0,51.98,5.2026278686523435,25
25762,0.0,-2432.5528846153848,5.129162132740021,26
25764,0.0,-1212.90625,4.047254463036855,24
25769,0.0,-891.5955882352941,4.75555231290705,17
25784,0.0,-2278.59375,6.993793822824955,32
25799,0.0,514.7269736842105,10.737793596167313,152
25823,0.0,215.84722222222223,21.02070967356364,36
25824,0.0,-933.0670238931834,6.146224466789296,1423
25848,0.0,-509.82894736842104,8.449684757935373,19
25852,0.0,-3808.4375,6.822364290555318,12
25868,0.0,-604.1919642857143,7.3053944408893585,28
25879,0.0,369.0833333333333,5.654651363690694,12
25888,0.0,-3870.6634615384614,10.08340279223063,156
25891,0.0,-2754.820211786372,15.538186258813075,543
25913,0.0,-2439.284722222222,6.488462501102024,18
25914,0.0,358.42857142857144,15.399498226387161,14
25936,0.0,-472.6875,5.936262045587812,42
25965,0.0,-2618.421875,9.16177935898304,16
25966,0.0,-2367.081896551724,17.32067241339848,29
25969,0.0,-218.70758928571428,10.211191666445561,336
25970,0.0,-1237.5961538461538,15.413761689112736,13
25975,0.0,148.95454545454547,4.785222497853366,22
25983,0.0,-695.3822040498443,14.373400220896967,1926
26001,0.0,-2408.5757575757575,6.129326477195278,33
26025,0.0,-3823.3576388888887,17.960475511021084,36
26030,0.0,-2382.6018518518517,12.524528256169072,27
26033,0.0,417.80357142857144,19.365002654847643,21
26056,0.0,212.72368421052633,6.213255279942563,19
26065,0.0,-698.46875,6.474604277561109,48
26068,0.0,-3769.451923076923,7.647959012251634,13
26078,0.0,-2636.683035714286,8.546398243733815,28
26084,0.0,-3857.31519138756,12.992054583923668,209
26090,0.0,1509.425,9.684866682688396,15
26111,0.0,-621.1400568181818,7.38059150617231,440
26127,0.0,-3769.896551724138,10.562329752691861,29
26129,0.0,-2658.5694444444443,10.3169307841195,18
26137,0.0,-250.61979166666666,12.142883201440176,24
26143,0.0,-3928.5465308370044,17.099112983317102,454
26145,0.0,-2646.1444672131147,14.472869026123501,122
26148,0.0,-1179.92,4.708086462020874,25
26163,0.0,-2675.6318993506493,10.729711806619322,308
26164,0.0,-1231.5183189655172,6.558195602277229,116
26174,0.0,-2724.6875,14.580663681030273,12
26197,0.0,113.45652173913044,2.73402027980141,23
26214,0.0,-2349.50641025641,5.4653695454964275,39
26220,0.0,249.36647727272728,12.383038676146304,132
26222,0.0,-2827.8076923076924,6.573414178994986,13
26239,0.0,-1192.801282051282,3.5561489050204935,39
26249,0.0,85.4,4.907417488098145,15
26253,0.0,-2644.9891304347825,20.520808914433356,46
26260,0.0,-2137.625,6.1626035516912285,11
26262,0.0,-3777.5833333333335,10.564242998758951,12
26278,0.0,-2677.0,20.260169952414756,43
26284,0.0,-209.04594017094018,8.600822559788696,117
26289,0.0,-2720.954295154185,12.331136001889401,227
26295,0.0,-798.7302631578947,10.384003902736463,19
26302,0.0,-2865.2791666666667,15.268711845080057,60
26330,0.0,-768.6336206896551,4.693340831789477,29
26335,0.0,-1220.5980113636363,4.885959949005734,88
26378,0.0,-1509.4264705882354,6.323275145362405,17
26384,0.0,-3953.6923076923076,11.291813904011743,169
26389,0.0,64.48611111111111,20.531631469726562,18
26402,0.0,-1229.5538194444443,5.771672717399067,72
26417,0.0,155.3125,15.490738868713379,16
26421,0.0,-755.0262573964498,11.41830054295839,338
26426,0.0,664.3308823529412,17.270456370185403,17
26434,0.0,-3538.1363636363635,6.056548422033137,11
26437,0.0,-2580.5887096774195,7.695183073320696,31
26473,0.0,-2910.3984375,13.658730626106262,16
26474,0.0,-3522.7039473684213,1.2882487381759442,19
26476,0.0,-2631.1948702830186,8.146705064052075,5512
26481,0.0,-1209.6875,3.6424449417326183,18
26491,0.0,-3793.4276315789475,8.752584655033914,38
26494,0.0,-2643.5254237288136,13.255550574448149,118
26511,0.0,754.2696078431372,17.203526814778645,51
26518,0.0,-525.8317901234568,8.764532885924288,243
26519,0.0,234.66346153846155,6.69959174364041,39
26522,0.0,-3548.5520833333335,7.870780905087789,12
26525,0.0,-1235.920918367347,5.484073772722361,49
26534,0.0,-3789.0677083333335,7.7428926055630045,24
26541,0.0,-1195.4416666666666,4.196206639210383,30
26552,0.0,-2618.9791666666665,6.696310089694129,18
26560,0.0,-2860.0862068965516,19.31028971178778,29
26568,0.0,770.9051932367149,4.977641839048137,207
26595,0.0,-3778.9081325301204,9.394196851066797,83
26607,0.0,-361.57547169811323,4.398150588825064,106
26615,0.0,-2652.863970588235,10.33867693429484,136
26622,0.0,656.9469696969697,4.92462620184277,198
26655,0.0,-2598.8522727272725,7.230777922904853,33
26663,0.0,40.31686046511628,5.641868133877599,43
26666,0.0,-3803.4479166666665,13.605533719062805,12
26668,0.0,-2884.903409090909,18.08988392962651,88
26680,0.0,-2841.0,14.83014101248521,26
26681,0.0,-2586.3541666666665,7.182502190272014,12
26685,0.0,-399.32142857142856,9.423775672912598,14
26690,0.0,-2433.6903973509934,6.68639130071299,151
26693,0.0,-1234.748676248109,7.96067362514278,661
26723,0.0,223.6654135338346,9.077294823818637,133
26740,0.0,-561.3378378378378,8.560841358996726,296
26741,0.0,-795.6605603448276,9.17181622776492,116
26806,0.0,-833.8541666666666,4.518819014231364,36
26812,0.0,-1208.7265625,6.093345105648041,16
26815,0.0,73.625,13.598654084735447,18
26830,0.0,-2827.284090909091,8.215001312169163,22
26841,0.0,-574.8389261744967,13.286134492630927,149
26846,0.0,1314.625,15.751306088765462,15
26860,0.0,-660.9772727272727,8.265687227249146,11
26866,0.0,-3745.655,14.118130378723144,25
26871,0.0,-164.532519035533,17.323749132719136,788
26898,0.0,-3748.9607142857144,7.902120389257159,35
26923,0.0,-713.1518581081081,13.530688163839482,1480
26924,0.0,-725.875,5.395366196448986,52
26943,0.0,-463.6759937238494,12.084976938479116,478
26960,0.0,-2473.401785714286,13.926185403551374,14
26987,0.0,-3802.412878787879,16.78600059856068,33
27015,0.0,-3747.8863636363635,6.737419215115634,11
27030,0.0,-2600.4821428571427,10.526746102741786,14
27044,0.0,-550.0329069459173,8.738612322648345,3772
27054,0.0,-3018.409090909091,11.344130602749912,11
27064,0.0,-2430.889705882353,14.672392957350787,17
27069,0.0,36.575892857142854,8.087808549404144,28
27088,0.0,208.94411764705882,11.578945502463508,170
27089,0.0,-259.5636942675159,8.020912617634815,157
27094,0.0,-2484.0673076923076,9.993651252526503,13
27127,0.0,109.98897058823529,8.428214932189269,34
27173,0.0,1318.019781144781,8.290176761270773,297
27184,0.0,-1077.2395833333333,12.192431370417276,12
27187,0.0,-3801.9495738636365,12.972096922722729,176
27191,0.0,757.2932692307693,10.87130984893212,26
27206,0.0,-2002.0,9.882925813848322,11
27224,0.0,-3735.3125,8.694078240543604,16
27233,0.0,-804.724358974359,3.841629744340212,39
27239,0.0,-2816.7083333333335,7.035382032394409,18
27262,0.0,-382.7361111111111,5.235232821769184,72
27328,0.0,126.99166666666666,12.598937781651815,15
27329,0.0,-2673.75,11.402153313159943,16
27333,0.0,-2462.214285714286,13.503819601876396,14
27390,0.0,-2413.656315789474,6.46235292058242,475
27408,0.0,-388.6357142857143,6.774949500816209,70
27412,0.0,-2501.7039473684213,16.0809861672552,38
27421,0.0,-93.5284090909091,8.725440706267502,66
27428,0.0,-2158.3945945945948,16.338813121898752,185
27430,0.0,-2817.3928571428573,8.76795376806843,49
27450,0.0,-2389.1354166666665,10.0383593638738,12
27455,0.0,-735.1730769230769,4.235843786826501,13
27481,0.0,-2578.533088235294,7.977238066056195,34
27498,0.0,-2571.29794973545,12.440733873339557,378
27508,0.0,-782.3676470588235,17.685715997920315,17
27511,0.0,-859.9775641025641,7.295491469212068,39
27526,0.0,-374.225,4.8304112434387205,15
27528,0.0,-276.39504716981133,10.987898819851425,106
27532,0.0,-2578.1785714285716,17.57697091783796,14
27543,0.0,262.7560975609756,7.316317844681624,41
27552,0.0,-278.4342672413793,10.316330942614325,116
27571,0.0,-222.95454545454547,6.04665173183788,11
27587,0.0,-280.9382911392405,24.15572669234457,158
27604,0.0,-2471.1973591549295,10.587481595030134,710
27616,0.0,1389.888392857143,11.407839749540601,28
27619,0.0,-401.8541666666667,4.121976951758067,12
27620,0.0,-397.3967391304348,15.248096009959346,23
27632,0.0,-2559.8854166666665,6.092447459697723,12
27640,0.0,-385.2886904761905,6.106102486451467,42
27647,0.0,-3781.284722222222,13.028328511450026,18
27654,0.0,-276.3541666666667,2.0926706939935684,12
27686,0.0,-412.91235632183907,8.78574964643895,87
27689,0.0,-2343.4,7.7472130298614506,25
27727,0.0,1303.26198630137,17.143427600599313,73
27732,0.0,54.29054054054054,20.215811987180967,37
27735,0.0,-3764.4513888888887,8.776612944073147,18
27749,0.0,-2555.090909090909,7.072335633364591,11
27752,0.0,-2363.3660714285716,12.22338240487235,14
27760,0.0,-259.9273399014778,7.2366237170590555,203
27789,0.0,-3779.2738095238096,12.616541987373715,21
27837,0.0,-352.27272727272725,9.5745586931899,77
27842,0.0,-2551.4196428571427,15.165283782141548,14
27860,0.0,-3754.657894736842,9.479003040414108,19
27888,0.0,226.33373786407768,7.542022670356973,103
27902,0.0,321.1875,8.541417871202741,14
27909,0.0,-2537.6027777777776,7.164663039313423,45
27924,0.0,-3778.1136363636365,8.784039345654575,11
27926,0.0,-3756.5721153846152,8.670294346717688,26
27934,0.0,1171.185,14.513398230870564,75
27953,0.0,1460.7391304347825,14.434233437413754,23
27957,0.0,-94.33163265306122,4.978796294757298,49
27960,0.0,-3766.592105263158,7.825092077255249,19
27997,0.0,80.11458333333333,11.399256149927774,12
27998,0.0,152.7171052631579,4.675740982356825,38
28033,0.0,-2570.0411585365855,9.578940371187722,82
28046,0.0,-1426.1083333333333,6.575017841657003,15
28063,0.0,900.572619047619,6.870162622417722,105
28098,0.0,1758.42,10.110866413116455,25
28110,0.0,-3800.184375,17.66101261973381,40
28136,0.0,-2328.8629032258063,6.335533791972745,31
28138,0.0,1178.2144859813084,7.388907330671204,535
28145,0.0,-3760.6741071428573,9.457962977034706,28
28149,0.0,-2484.964285714286,9.019880907876152,14
28157,0.0,-360.953125,8.794059639796615,64
28172,0.0,-2549.074074074074,14.764392446588587,27
28185,0.0,-2625.7833333333333,12.141490650177001,15
28221,0.0,-3767.534090909091,9.358508283441717,11
28232,0.0,-178.30934343434345,6.908241752422217,99
28238,0.0,-3781.546875,10.304440807551146,32
28239,0.0,-3786.6890625,13.032254783809185,80
28259,0.0,1323.601851851852,18.277268921887433,27
28269,0.0,-70.87,5.644726704597473,125
28270,0.0,-566.5,7.8404342079162594,25
28277,0.0,-2248.3125,12.115330119927725,12
28298,0.0,-365.984375,5.893985405564308,16
28322,0.0,-461.10714285714283,21.23745976662149,49
28330,0.0,-2627.8839285714284,8.564536032932144,28
28333,0.0,-2406.4296875,8.441695094108582,32
28358,0.0,-602.1730769230769,8.235514017251822,13
28363,0.0,-2407.076923076923,15.885663656088022,13
28376,0.0,-450.29545454545456,7.86348936774514,11
28380,0.0,-2263.4295212765956,8.23170537897881,94
28416,0.0,-341.08776595744683,6.401590930654647,47
28427,0.0,304.4158163265306,4.298495904523499,49
28475,0.0,-2603.315340909091,7.0627440430901265,44
28498,0.0,1518.275,17.11087074279785,20
28525,0.0,-2216.2265100671143,9.26250181222122,149
28526,0.0,-2143.6309523809523,18.27874855768113,21
28552,0.0,-1960.7851307189542,6.121844003013536,153
28561,0.0,-3775.0775862068967,13.20765549561073,29
28575,0.0,-68.14365671641791,7.69917258364496,134
28596,0.0,-949.2434210526316,14.955440922787314,19
28606,0.0,-87.453125,7.371042773127556,16
28645,0.0,80.05523255813954,6.216231684352076,43
28648,0.0,-2112.894230769231,15.982110610375038,13
28654,0.0,-2509.375,17.999281001091003,20
28655,0.0,-2372.44375,14.946457958221435,20
28657,0.0,-2276.6684782608695,14.075940287631491,23
28670,0.0,-2530.179166666667,6.559788123766581,30
28684,0.0,50.52155172413793,13.12701204059453,58
28686,0.0,-906.3837209302326,6.257724030073299,43
28688,0.0,-2412.9903846153848,9.231984963783852,13
28697,0.0,-2571.315789473684,6.687557521619294,19
28700,0.0,-2404.6458333333335,6.8263573911454944,18
28741,0.0,164.50694444444446,5.622780919075012,18
28749,0.0,-95.79166666666667,4.388122542699178,15
28760,0.0,-2501.578125,22.390608708063763,24
28767,0.0,1621.875,15.712919939131964,21
28776,0.0,-1025.452806122449,8.113244372971204,98
28777,0.0,-663.0595238095239,14.723748184385753,21
28783,0.0,-2290.7083333333335,7.23423612912496,15
28790,0.0,1801.05,10.635924816131592,15
28814,0.0,136.48214285714286,10.388419015066964,21
28822,0.0,-2417.589285714286,11.877510604404268,21
28835,0.0,-1232.9318181818182,4.818394335833463,11
28850,0.0,-848.827380952381,6.224167006356375,21
28868,0.0,107.3173076923077,5.9906445512404805,13
28890,0.0,-2290.4772727272725,7.663175257769498,11
28900,0.0,111.72727272727273,12.661277814344926,11
28906,0.0,-3364.5520833333335,9.135953068733215,12
28911,0.0,1632.4711538461538,7.198149763620817,39
28916,0.0,-1665.8869680851064,5.511420864374079,188
28919,0.0,-673.0648148148148,18.549795115435565,27
28926,0.0,-2482.625,12.461884571955753,13
28943,0.0,-483.0031512605042,8.035189748812122,119
28954,0.0,1269.34375,3.99887242851158,48
28958,0.0,-918.8392857142857,5.502083029065814,42
28960,0.0,-3766.2589285714284,14.253437927791051,14
28966,0.0,-537.5576923076923,12.284718183370737,13
28986,0.0,138.0625,4.5511603355407715,12
28996,0.0,-388.55357142857144,6.82216831615993,14
29013,0.0,-2229.894230769231,11.089901850773739,13
29024,0.0,-985.7418224299065,10.415516964186018,214
29027,0.0,-2402.9214285714284,6.572648518426078,35
29041,0.0,-614.1511627906976,6.297279807717302,86
29098,0.0,-2190.434659090909,4.8354718847708265,44
29121,0.0,-2312.806818181818,15.075679952448064,11
29132,0.0,-965.5865384615385,10.44895680134113,13
29135,0.0,-2484.858333333333,7.9442251046498615,15
29137,0.0,-374.6030701754386,7.320310345867224,57
29165,0.0,-955.7102272727273,21.254298882050946,44
29166,0.0,-3766.6964285714284,9.10871624378931,42
29191,0.0,-1660.0808823529412,4.839697304893942,17
29192,0.0,-1576.003336804693,6.304322395448021,52333
29194,0.0,-412.26443713450294,13.450371075733829,2052
29198,0.0,-888.3557692307693,16.114991041330192,13
29200,0.0,-3764.1015625,11.227133125066757,16
29214,0.0,-735.46875,3.737030126034252,124
29234,0.0,-76.8689024390244,13.881843124947897,82
29235,0.0,-936.0464285714286,19.459334754943846,35
29269,0.0,-1687.075,6.903554758272673,95
29272,0.0,-2493.577140549273,12.189164896356719,1857
29276,0.0,1493.5267857142858,8.163392765181404,14
29287,0.0,-792.0166666666667,13.2090789159139,15
29288,0.0,-662.5625,17.876784227111123,22
29293,0.0,-847.745,15.955386238098145,25
29331,0.0,-2230.1047297297296,14.46096605867953,37
29339,0.0,-2371.8020833333335,12.115675846735636,12
29360,0.0,-2242.473214285714,9.839985268456596,14
29431,0.0,1484.796052631579,5.827370493035567,19
29440,0.0,-2235.2867647058824,9.731113637194914,17
29490,0.0,-812.6860158311346,10.808635139213703,379
29498,0.0,-858.6911764705883,15.78633209770801,51
29500,0.0,-857.8734485815603,14.57663848975026,564
29572,0.0,-2255.224683544304,5.706304482266873,79
29573,0.0,-2425.0559210526317,6.120141838726244,38
29600,0.0,-684.6800518134716,5.820790802258902,193
29612,0.0,-245.11111111111111,12.65828792916404,18
29654,0.0,-3749.2613636363635,11.313084158030422,11
29660,0.0,1348.140100671141,17.472517239167388,149
29672,0.0,-872.7950246710526,6.142072007256119,608
29673,0.0,-516.1052631578947,3.78308053393113,19
29690,0.0,-2275.5069444444443,9.97186976008945,18
29705,0.0,-2305.8809840425533,7.356071478191843,188
29710,0.0,-2396.780172413793,18.172339908007917,29
29757,0.0,-2256.240740740741,7.131373895539178,27
29790,0.0,964.28,4.912254989147186,25
29811,0.0,-2416.4875,5.982365306218465,30
29826,0.0,-1519.34375,14.03412675857544,24
29852,0.0,-1974.5227272727273,10.797701965678822,11
29855,0.0,-531.3088235294117,4.6075476968989655,17
29863,0.0,1229.7232142857142,2.569557100534439,14
29912,0.0,-2165.0096153846152,6.093809586304885,13
29942,0.0,-1040.8819444444443,11.496680206722683,18
29943,0.0,-1135.1931818181818,19.693367385864256,55
29964,0.0,-1699.674107142857,8.342804721423558,28
29968,0.0,-588.1381578947369,9.258025395242791,57
29983,0.0,-633.8564814814815,13.237968697592065,54
29991,0.0,-770.9791666666666,5.020305335521698,12
30038,0.0,-717.9775862068966,7.355308536414443,290
30085,0.0,-2295.1979166666665,8.091647207736969,12
30127,0.0,-2167.465,5.859830923080445,25
30164,0.0,-1004.6666666666666,15.631770928700766,18
30166,0.0,-661.0,9.650270371210008,21
30173,0.0,918.6704545454545,5.4535864049738105,11
30189,0.0,-301.75,5.547028867403666,15
30205,0.0,-2260.4861111111113,13.738883720503914,18
30218,0.0,994.3985680190931,5.551435003114913,1676
30273,0.0,-1127.1354166666667,8.513691008090973,12
30275,0.0,-1111.7613636363637,12.165712876753373,11
30299,0.0,-2286.7272727272725,7.423879818482832,11
30317,0.0,-2280.5673076923076,12.047765438373272,13
30318,0.0,-2147.7911585365855,14.711818753219232,82
30319,0.0,-3772.186507936508,9.916549659910656,63
30355,0.0,-1139.3705357142858,21.323023421423777,28
30365,0.0,-2325.136029411765,18.790041778601854,102
30378,0.0,-3782.299568965517,11.819614805024246,58
30382,0.0,-2422.0486111111113,16.205672608481514,18
30412,0.0,-902.2232142857143,17.649327550615585,28
30413,0.0,-817.0714285714286,7.997769866670881,14
30423,0.0,481.61764705882354,11.065868447808658,17
30431,0.0,-2355.566964285714,7.602090324674334,28
30456,0.0,-759.40625,15.14237892627716,16
30467,0.0,614.6964285714286,9.301477142742701,21
30476,0.0,-2304.0583333333334,12.483897654215495,15
30490,0.0,-2494.3940217391305,7.338118224040322,46
30493,0.0,-2165.284090909091,6.086026711897417,11
30506,0.0,-2375.455882352941,18.480351952945483,17
30507,0.0,-2236.6785714285716,11.261095983641487,14
30528,0.0,-1026.7267441860465,17.687120104944984,43
30542,0.0,-494.8107142857143,7.604144886561802,35
30554,0.0,-1974.6477272727273,11.348862691359086,11
30563,0.0,-2316.5416666666665,6.878865154584249,15
30566,0.0,-2171.4375,16.341704785823822,32
30571,0.0,-366.3301886792453,6.372190099842143,53
30577,0.0,-1153.3397435897436,18.75791262357663,39
30582,0.0,-2342.4940476190477,5.84536169114567,21
30590,0.0,352.31,11.622623376846313,25
30591,0.0,-524.4951923076923,5.279011153257811,52
30592,0.0,-1136.6875,10.816888213157654,30
30604,0.0,-3774.05,18.90382034301758,25
30607,0.0,-2345.6458333333335,10.402228852113089,12
30611,0.0,-480.2692307692308,4.975385372455303,13
30638,0.0,-389.9375,9.002839803695679,12
30658,0.0,-1078.2058823529412,13.259998370619382,17
30662,0.0,-2460.6302083333335,7.5183838705221815,24
30677,0.0,-2420.34375,6.449087426066399,16
30684,0.0,-766.4404761904761,6.492471422467913,42
30685,0.0,-1098.7890625,2.8189106173813343,16
30688,0.0,-2321.201612903226,29.239018514079433,155
30707,0.0,-208.59868421052633,4.80745148533269,95
30710,0.0,-617.2333333333333,10.218251864115397,15
30737,0.0,-2441.014705882353,14.01000238867367,17
30755,0.0,-2359.9848484848485,14.03811148441199,33
30785,0.0,-2302.330882352941,7.190830560291515,17
30800,0.0,-2349.8055555555557,14.351613362630209,18
30804,0.0,-2150.98125,13.629643845558167,20
30823,0.0,464.2291666666667,8.512590010960897,12
30830,0.0,-2261.640831758034,14.858593286773884,529
30883,0.0,-2336.125,6.1930202404658,15
30884,0.0,-2356.45,9.464994215965271,20
30888,0.0,-1420.3720238095239,6.205161392688751,42
30897,0.0,1397.1342592592594,5.571070591608684,27
30900,0.0,-517.4816176470588,7.418871995280771,34
30901,0.0,-743.3014705882352,8.785273523891673,17
30902,0.0,-2431.77,6.876881536245346,25
30925,0.0,-784.890350877193,11.211193105630707,57
30935,0.0,-1102.468023255814,17.298043500545415,43
30940,0.0,-2237.375,13.280178436866173,13
30955,0.0,-2349.9166666666665,13.049751381079355,12
30987,0.0,-2364.3547297297296,7.4318747568774866,74
31001,0.0,-439.15811965811963,11.417429679479355,117
31004,0.0,-2363.5234375,11.565245434641838,16
31005,0.0,-2291.0625,15.363643033163887,14
31015,0.0,-1414.75,6.161400180392795,45
31024,0.0,-2186.90625,9.002838869889578,12
31025,0.0,-2593.5324134489906,18.362028258368163,13027
31038,0.0,-2383.8360655737706,15.159490618549409,61
31039,0.0,-2358.3173076923076,5.533262417866633,13
31049,0.0,346.92543859649123,18.318537042852032,57
31066,0.0,-2483.8297872340427,8.432579786219495,47
31069,0.0,330.30927835051546,17.575276438722906,97
31074,0.0,-1410.685,5.2204915809631345,25
31084,0.0,-1284.518748371972,7.187327355211229,19195
31094,0.0,722.9051724137931,9.891892942888983,29
31103,0.0,-2318.933673469388,17.801583294965784,49
31114,0.0,-1146.419642857143,7.153748710666384,70
31118,0.0,-2441.3233695652175,9.307567718236342,92
31119,0.0,-2356.375,11.95620976961576,13
31129,0.0,-1344.875,5.066366279125214,20
31133,0.0,-1136.0729166666667,16.587315221627552,12
31153,0.0,-2312.693181818182,11.871077927676113,11
31168,0.0,-683.6785714285714,5.6356795855930875,14
31181,0.0,-2421.9736842105262,9.480208447105007,19
31183,0.0,-2301.3275862068967,14.37394798213038,29
31194,0.0,-1062.1517857142858,5.698049545288086,14
31196,0.0,-2256.021226415094,7.488512403560135,53
31207,0.0,-1414.7022727272727,7.270660435069691,55
31213,0.0,-2406.758333333333,15.273816521962484,15
31233,0.0,-2410.3984375,16.018073810264468,32
31244,0.0,-231.66505524861878,17.566271821438278,181
31245,0.0,-121.53532608695652,18.192752465605736,184
31246,0.0,-180.7704081632653,6.454037530081613,49
31250,0.0,-2430.140625,14.503361150622368,16
31259,0.0,-2352.920792079208,17.799049637105206,101
31278,0.0,-144.67708333333334,5.3514296015103655,36
31281,0.0,-1139.703947368421,17.613296057048597,19
31293,0.0,-213.2646103896104,8.86318244872155,77
31307,0.0,-1489.3329207920792,19.896060300345468,202
31311,0.0,-2441.765625,12.913484692573547,16
31316,0.0,-662.59,6.071514739990234,25
31326,0.0,-1122.284375,7.608266064524651,80
31333,0.0,-39.36805555555556,5.833284325069851,18
31337,0.0,-3242.1201923076924,13.907496388141926,26
31364,0.0,-720.078125,8.115536905825138,32
31372,0.0,-2394.8777777777777,19.105004458957247,45
31385,0.0,-2271.625,11.665910601615906,16
31387,0.0,-2260.9910714285716,6.508287668228149,14
31407,0.0,-1408.638888888889,5.600214534335667,18
31409,0.0,-344.03125,9.360606878995895,16
31413,0.0,-2312.6041666666665,6.191785554091136,24
31417,0.0,-2245.276785714286,9.190234286444527,14
31425,0.0,58.28267045454545,3.201958706433123,88
31434,0.0,-474.2654320987654,18.496603197366717,1539
31457,0.0,-1412.8020833333333,6.498222331206004,12
31462,0.0,-2266.7279411764707,7.231524119190142,51
31478,0.0,-2285.875,16.662076130509377,32
31489,0.0,-1670.576923076923,17.716499952169563,13
31495,0.0,-87.61428571428571,11.279924501691546,35
31506,0.0,-550.547,10.38664619064331,125
31525,0.0,-247.25,7.775846605300903,25
31526,0.0,-1413.092105263158,4.8959088890176075,19
31527,0.0,-191.0,5.443445790897716,11
31529,0.0,-2406.1696428571427,7.403208749634879,14
31547,0.0,-2402.280172413793,8.192134602316495,29
31565,0.0,-2314.7083333333335,7.674340754747391,24
31571,0.0,-1131.6193181818182,13.132512135939164,22
31574,0.0,-746.3181818181819,9.037975148721175,11
31589,0.0,-2035.796875,10.384231289227804,24
31633,0.0,-2368.9479166666665,8.90835753083229,12
31634,0.0,-1643.4375,9.519591708978018,24
31644,0.0,-2184.894230769231,11.24123635658851,13
31657,0.0,-2188.806818181818,12.5876671184193,11
31668,0.0,-2390.1826923076924,6.756473357860859,13
31674,0.0,-128.61057692307693,2.7418400828654947,26
31676,0.0,-2375.045833333333,14.763495635986327,30
31678,0.0,-2382.3846153846152,12.78652889911945,13
31684,0.0,-244.7625,19.7009916305542,20
31695,0.0,-1348.0520833333333,21.054227828979492,12
31746,0.0,-2262.6323529411766,8.005040603525499,17
31751,0.0,-1114.4375,17.95580110947291,24
31788,0.0,-291.84027777777777,11.16826785273022,36
31793,0.0,-2409.8295454545455,7.971666227687489,11
31796,0.0,-2310.375,11.928124388058981,12
31797,0.0,-2328.6872222222223,6.711604589091407,225
31806,0.0,-931.1666666666666,10.946276009082794,12
31819,0.0,-1328.0588235294117,7.594328942018397,85
31880,0.0,-1134.6136363636363,13.972220767628063,22
31887,0.0,-1128.2666666666667,6.5322406709194185,30
31890,0.0,-2402.810567010309,9.803531195085073,97
31908,0.0,-1096.6845794392523,10.901040721162458,107
31914,0.0,-2371.6051136363635,15.712317352945155,44
31922,0.0,-2937.340909090909,17.16587846929377,11
31923,0.0,-2413.6973684210525,11.27108829899838,19
31928,0.0,-955.1339285714286,3.8011980737958635,14
31934,0.0,-1173.037037037037,16.261828157636856,27
31946,0.0,-196.94798136645963,5.3621557021733395,161
31952,0.0,-2293.0991379310344,9.005169786255935,29
31954,0.0,-2302.0060240963853,9.523713865912104,83
31963,0.0,-2386.9545454545455,7.159467567097057,11
31968,0.0,-2397.1979166666665,8.348832706610361,12
31973,0.0,-2377.098214285714,9.426126037325178,14
31994,0.0,-498.88377192982455,9.565034966719779,57
32008,0.0,-302.0477941176471,5.274643966380288,68
32013,0.0,-734.6381578947369,6.015508727023476,19
32042,0.0,-1196.9955357142858,12.948350940431867,28
32053,0.0,-274.6354166666667,3.3378445183237395,12
32075,0.0,-252.66833753437214,5.522191206351824,4364
32085,0.0,-2186.7109375,15.359971947968006,16
32094,0.0,-392.3779761904762,9.633804891790662,84
32097,0.0,-2373.4,9.154961220423381,15
32119,0.0,-84.38541666666667,2.969100490315921,72
32139,0.0,-2174.715909090909,12.335931236093694,11
32143,0.0,-2383.9375,12.899157404899597,16
32155,0.0,-2202.7132352941176,13.14012471367331,17
32181,0.0,-1437.2403846153845,19.575149902930626,13
32187,0.0,-2327.0565476190477,14.363731696492149,126
32199,0.0,-2118.4583333333335,12.564003149668375,21
32206,0.0,-646.6944444444445,13.318449868096245,18
32215,0.0,-2382.7236842105262,10.13865385557476,19
32216,0.0,-2404.6052631578946,12.361736799541273,19
32222,0.0,-1443.7472222222223,14.611281045277913,45
32240,0.0,-316.28125,5.538309022784233,12
32255,0.0,-528.554347826087,10.631905224012291,23
32265,0.0,-116.6,12.629284286499024,15
32274,0.0,-2383.525684931507,8.548325603955412,146
32276,0.0,-2213.63125,6.121453313032786,60
32282,0.0,-2384.759316770186,7.051412088900619,161
32288,0.0,-412.6129807692308,24.08453065615434,104
32295,0.0,-2318.8839285714284,13.172295638493129,14
32309,0.0,-1060.1013513513512,8.433277716507783,37
32310,0.0,-2067.8697916666665,7.451454669237137,24
32321,0.0,-95.3015873015873,5.421358618471357,63
32322,0.0,-1426.1442307692307,10.51878046989441,13
32326,0.0,-2371.2386363636365,14.217598655007102,11
32351,0.0,-2395.4320652173915,12.975927768842034,46
32356,0.0,-2369.230769230769,4.288196759346204,39
32363,0.0,-1793.0869205298013,9.94984059223276,302
32365,0.0,-2389.4482330204305,5.973123102614986,1811
32387,0.0,-2501.038043478261,7.196608289428379,46
32390,0.0,-1267.1818181818182,8.244377222928135,11
32395,0.0,-2605.745992723459,7.4679335775145095,154469
32400,0.0,-2143.8196428571428,8.002807715109416,70
32416,0.0,-2254.56875,5.927543413639069,20
32425,0.0,-2104.717261904762,14.791153022221156,42
32457,0.0,-2505.1666666666665,13.16460939248403,30
32463,0.0,-2358.334239130435,7.183354419210683,46
32514,0.0,-2492.9617346938776,7.9738017649066695,49
32537,0.0,-2165.3596014492755,10.127253556165142,138
32553,0.0,-1866.3958333333333,2.979103227456411,12
32569,0.0,-35.68055555555556,4.6360293825467425,18
32592,0.0,-1548.7291666666667,8.710667371749878,12
32606,0.0,-1913.2375,7.6128312110900875,20
32644,0.0,-2391.5625,9.547811190287272,12
32672,0.0,-2291.656003937008,6.479365003859903,254
32675,0.0,-735.1136363636364,15.017556103793057,11
32683,0.0,-478.883064516129,12.477346297233336,31
32713,0.0,-562.6960227272727,7.92725719646974,44
32715,0.0,-1553.375,17.14873273032052,14
32732,0.0,-1905.134523809524,6.639337491989136,105
32734,0.0,-2495.5416666666665,12.698773582776388,24
32739,0.0,-717.7440476190476,12.595304670787993,21
32749,0.0,-1524.8645833333333,3.260446419318517,12
32757,0.0,-2342.7410714285716,13.046885967254639,28
32774,0.0,-1086.0902777777778,4.171861420075099,54
32778,0.0,-809.6607142857143,6.8734336126418345,21
32796,0.0,-1493.6026119402984,12.346919444069934,67
32798,0.0,-2309.7155172413795,8.916158170535647,29
32814,0.0,-2450.846153846154,8.02424588570228,13
32816,0.0,-2414.0416666666665,8.923549145460129,12
32821,0.0,-714.1458333333334,13.277143319447836,12
32852,0.0,-2474.6,10.340814208984375,15
32863,0.0,-1541.2279411764705,18.07472604863784,17
32875,0.0,-756.6286231884058,22.875795150148697,69
32895,0.0,6.0546875,4.856250766664743,16
32910,0.0,-1070.281887755102,10.766444069390394,98
32917,0.0,-2434.735294117647,6.719180829384747,17
32929,0.0,-1893.875,7.262743212408939,59
32956,0.0,-18.566091954022987,6.0176776620163315,87
32969,0.0,-917.2,13.877416483561198,15
32986,0.0,-2521.8660714285716,7.993353596755436,14
33011,0.0,-1872.5089285714287,7.789180197886059,14
33013,0.0,-1998.517857142857,4.775063249681677,28
33015,0.0,-1685.5,10.023296321431795,12
33016,0.0,-1933.8714285714286,4.992482396534511,35
33059,0.0,-2473.0833333333335,5.446026529584612,42
33063,0.0,-2499.1354166666665,6.022607578171624,36
33065,0.0,-2522.5714285714284,5.367908403986976,21
33093,0.0,-663.3705357142857,7.480929672718048,56
33100,0.0,-1799.4273809523809,6.928342723846436,105
33153,0.0,-580.5,10.262837031308342,17
33161,0.0,-1583.625,7.955018128667559,14
33169,0.0,-923.8958333333334,14.066728168063694,18
33175,0.0,-2454.190625,15.095353406667709,40
33186,0.0,-2137.2013888888887,6.302923387951321,18
33190,0.0,-2374.921875,15.40851777791977,16
33221,0.0,-2462.7434210526317,5.396474922958173,19
33252,0.0,-2501.5,9.998971462249756,14
33267,0.0,-1611.6442307692307,8.97206021883549,39
33269,0.0,-1548.3839285714287,7.935120454856327,14
33273,0.0,-2429.95,5.8377664883931475,15
33275,0.0,-2114.0419407894738,9.507718294858932,152
33311,0.0,-1756.6022727272727,16.525978391820733,11
33318,0.0,-1928.407894736842,10.65808838292172,38
33330,0.0,-1392.3436509369608,6.028738524915606,24921
33335,0.0,-1742.39375,5.426906606554985,20
33339,0.0,-931.40625,14.740648533616747,28
33353,0.0,-1613.2395833333333,12.458703637123108,12
33364,0.0,-2256.234296482412,6.528593450210602,597
33382,0.0,-2305.22131147541,12.13933928091018,61
33398,0.0,-1132.1704545454545,12.67909726229581,11
33403,0.0,-2329.8634605122734,7.8777425355787845,1874
33416,0.0,-780.5185185185185,6.784867251360858,27
33419,0.0,-2246.41015625,8.405654739588499,32
33420,0.0,-2099.894927536232,7.695121250290802,69
33426,0.0,-2326.9903846153848,6.408187499413123,13
33459,0.0,-1741.451923076923,7.61372602902926,13
33466,0.0,-1108.169642857143,8.616663711411613,14
33469,0.0,-1307.6851851851852,7.022322186717281,27
33482,0.0,-2319.6176470588234,10.080204318551456,17
33488,0.0,-997.0412386927342,9.014504549663426,17135
33513,0.0,-778.9901315789474,10.65886190063075,38
33519,0.0,-1961.6136363636363,4.600327491760254,11
33526,0.0,-1442.2418032786886,8.509371276761664,61
33534,0.0,-2244.883333333333,4.8821601390838625,15
33546,0.0,-938.4791666666666,5.700752081473668,30
33554,0.0,-1592.325892857143,13.94930614743914,140
33576,0.0,-1328.925,8.221338665485382,20
33586,0.0,-1802.5916666666667,5.694720935821533,15
33589,0.0,-2223.095588235294,7.587180092054255,17
33594,0.0,-926.2980769230769,3.918926688340994,13
33596,0.0,-870.4525862068965,7.158284394220374,87
33598,0.0,-1996.9147727272727,6.721185478297147,22
33614,0.0,-2325.840909090909,5.651185555891558,11
33627,0.0,-669.125,7.659257888793945,32
33631,0.0,-1758.391304347826,4.620820149131443,23
33632,0.0,-2432.6153846153848,3.411801870052631,13
33641,0.0,-1763.6123188405797,6.576845248540242,69
33644,0.0,-2258.15,10.007967821757,15
33645,0.0,-1987.3181818181818,4.0516568205573344,22
33647,0.0,-2056.2708333333335,5.396352753043175,12
33659,0.0,-2093.4553571428573,9.057844643081937,42
33660,0.0,-2074.056818181818,4.828078898516568,11
33667,0.0,-1762.282894736842,13.709456315793489,95
33688,0.0,-2467.095588235294,8.399724511539235,17
33690,0.0,-1933.109375,6.7340086698532104,32
33695,0.0,-1816.25,13.18608570098877,14
33696,0.0,-2439.4134615384614,8.41138902077308,13
33737,0.0,-935.390625,3.538795158267021,40
33742,0.0,-1766.7045454545455,6.44076267155734,11
33744,0.0,-1375.7692307692307,7.535415099217341,13
33745,0.0,-2407.0404411764707,8.363864461727003,136
33766,0.0,-2023.0357142857142,9.491763574736458,14
33792,0.0,-2511.4953125,9.451428847014904,160
33795,0.0,-583.1413043478261,5.518770875274271,69
33796,0.0,-681.34375,12.761873404184977,12
33799,0.0,-1477.826923076923,6.77133270410391,13
33800,0.0,-1516.297794117647,7.904142218477586,34
33818,0.0,-1180.6363636363637,8.722784996032715,11
33835,0.0,-1321.7869318181818,12.188872586597096,44
33839,0.0,-2063.9411764705883,4.925703774480259,17
33851,0.0,-376.52272727272725,4.1664864800193095,11
33869,0.0,-220.73557692307693,5.888699742463919,52
33895,0.0,-202.17778884462152,7.984463788836126,251
33906,0.0,-948.6077586206897,5.666514224019544,58
33925,0.0,-366.4430719938371,7.1224929643995125,14279
33942,0.0,-464.2307692307692,3.443604391354781,26
33948,0.0,-2067.355769230769,19.3230960552509,13
33964,0.0,-2183.647489539749,11.960888158327366,239
33982,0.0,-1555.1589943342776,16.498920332946454,353
33992,0.0,-2191.5526315789475,8.52542185626532,38
34012,0.0,-988.5216049382716,5.068965246647965,81
34015,0.0,-2176.8958333333335,5.247278569142024,30
34017,0.0,-2441.21875,5.594552218914032,20
34031,0.0,-2395.2651699029125,12.552497914115202,206
34042,0.0,-2455.5789473684213,5.537021084835655,19
34074,0.0,-1793.8103448275863,10.690583039974344,29
34078,0.0,-233.22916666666666,7.967947840690613,24
34082,0.0,-2191.475,6.0717058181762695,65
34102,0.0,-1893.1354166666667,11.318326155344645,12
34104,0.0,-956.2619047619048,17.06546874273391,21
34105,0.0,-370.125,6.9158522605896,15
34108,0.0,-2185.5989583333335,11.283911148707071,24
34143,0.0,-1228.625,10.019401227434477,24
34152,0.0,-2206.068181818182,13.82264197956432,11
34157,0.0,-2345.30859375,12.060571387410164,32
34172,0.0,-2316.940789473684,10.470485925674438,19
34179,0.0,-857.1073166774821,5.6538530001870075,3082
34188,0.0,-2104.034090909091,8.79917894710194,11
34201,0.0,-1896.3875,6.650012898445129,20
34213,0.0,-2145.6146681277396,10.640515058654207,1597
34223,0.0,-203.248417721519,6.669133757111393,553
34232,0.0,-1918.83125,21.41842999458313,20
34241,0.0,-2103.5422297297296,15.879178472467371,74
34245,0.0,-2233.9553571428573,5.740946531295776,14
34246,0.0,-2281.775,5.168153735569545,35
34255,0.0,-2432.759259259259,9.947288239443743,27
34264,0.0,-2206.7115384615386,11.942853744213398,13
34278,0.0,-809.7916666666666,11.530256450176239,24
34279,0.0,-534.9118357487922,8.909294206163157,207
34281,0.0,-304.14285714285717,5.474531474567595,21
34286,0.0,-2118.0104166666665,10.35301129023234,84
34309,0.0,-1897.745,6.542687916755677,25
34314,0.0,-2114.707089552239,12.13520473152844,67
34323,0.0,-2421.4122807017543,14.667755325635275,57
34325,0.0,-2092.038888888889,6.9490302138858375,45
34326,0.0,-2096.40625,14.65204119682312,16
34329,0.0,-947.1916666666667,10.88921004931132,15
34330,0.0,-949.7264084507042,8.01958167099617,355
34336,0.0,-2190.6136363636365,4.4594925750385634,11
34340,0.0,-1888.7674418604652,5.426374798597291,43
34343,0.0,-634.2013888888889,17.71108865737915,18
34351,0.0,-2147.7466216216217,7.056614510110907,74
34370,0.0,-2040.7604166666667,8.05232302347819,12
34372,0.0,-2352.5231481481483,7.043537254686709,27
34394,0.0,-2198.7067587209303,10.07575400208318,344
34406,0.0,-1520.0357142857142,14.581611633300781,14
34440,0.0,-2119.839285714286,6.12234890460968,14
34455,0.0,-2369.323577680525,8.022589203402303,914
34459,0.0,-1880.9134615384614,5.660258219792293,13
34465,0.0,-2092.7426470588234,6.941412995843327,17
34468,0.0,-651.2109375,14.80947445333004,32
34473,0.0,-2324.132997630332,14.585059333186578,422
34482,0.0,-1499.8775,14.472622222900391,100
34492,0.0,-2188.2083333333335,9.516932606697083,36
34494,0.0,-1670.935,6.856349115371704,25
34495,0.0,-2289.8513513513512,11.089635687905389,37
34496,0.0,-2379.511824324324,6.0453726810378,74
34501,0.0,-1895.0654761904761,9.755586238134475,21
34527,0.0,-293.42045454545456,20.719855152476917,55
34557,0.0,-2322.9814814814813,8.547349347008598,27
34558,0.0,-2341.0714285714284,14.412966132164001,14
34579,0.0,-1872.2954545454545,7.8158817724748095,22
34584,0.0,-1939.6836622807018,13.990295466885232,228
34591,0.0,-2082.5803571428573,7.465924688747951,14
34592,0.0,-2149.23125,6.602038545906543,40
34607,0.0,-2115.015625,18.924662828445435,40
34615,0.0,-1849.0454545454545,6.355762698433616,11
34619,0.0,-1889.2767857142858,10.788984664848872,28
34635,0.0,-304.3392857142857,5.560598123641241,21
34653,0.0,-2167.6640625,13.869125574827194,16
34656,0.0,-1509.9934210526317,10.091426510559884,38
34686,0.0,-2286.6770833333335,10.974210560321808,12
34693,0.0,-694.0178571428571,4.773736806142898,21
34736,0.0,-1861.3666666666666,11.855322202046713,15
34744,0.0,-1770.8325892857142,8.483030136142458,56
34762,0.0,-1983.6647727272727,16.212344559756193,22
34786,0.0,-2142.5,5.232382503422824,11
34827,0.0,-2259.984375,11.57421376556158,48
34829,0.0,-1727.1745689655172,14.425430593819454,58
34841,0.0,-1827.5192307692307,13.210169095259447,13
34853,0.0,-2193.262900355872,12.061842181080177,281
34870,0.0,-626.5599437627811,4.8344384225310115,978
34877,0.0,-15.73469387755102,5.973804807176395,49
34880,0.0,-2168.9723178428,7.392078064164073,1743
34882,0.0,-43.34375,4.6819333533446,12
34885,0.0,-2055.889705882353,8.79906163145514,51
34892,0.0,-1947.8173076923076,15.133598987872784,13
34894,0.0,-2672.5421940928272,19.642933311341682,237
34895,0.0,-2204.5666666666666,5.780699746807416,15
34922,0.0,-232.10745614035088,11.841071124662433,57
34949,0.0,-2000.6363636363637,10.351140932603316,11
34950,0.0,-2395.06737716763,12.006185301466484,692
34955,0.0,83.185,5.432962884902954,25
34982,0.0,-1063.2884615384614,9.672645880625797,13
34983,0.0,-2322.9815573770493,24.847465264992636,61
34989,0.0,-2172.125,6.6532701800266905,12
34990,0.0,-2243.622159090909,7.720123582180928,176
34996,0.0,-1894.5565476190477,6.371077411231541,42
35000,0.0,-1038.159090909091,5.040464921431108,11
35006,0.0,-1648.17,14.138179378509522,25
35025,0.0,-2179.7395833333335,9.775371260941029,12
35031,0.0,-1043.1248484848484,4.4640642627689875,3300
35036,0.0,-1066.0,10.753846764564514,12
35044,0.0,-1051.7098214285713,4.630274823733738,28
35053,0.0,-1845.1554054054054,13.876940546809015,37
35058,0.0,101.65830115830116,5.667143261302239,777
35062,0.0,-2336.471153846154,5.898614736703726,13
35067,0.0,-2291.315414507772,11.267002097065586,193
35072,0.0,-997.4272639691715,13.726298935610894,1038
35088,0.0,-2197.436659192825,20.12498696074892,223
35092,0.0,-2239.9204545454545,5.087503834204241,22
35099,0.0,-2210.393312101911,11.843271778647308,157
35132,0.0,310.2517361111111,7.448281953732173,72
35133,0.0,-621.0681818181819,11.381910087845542,55
35137,0.0,-1968.5438481675392,8.521186428388376,382
35150,0.0,-1927.3365384615386,10.390869140625,13
35174,0.0,68.47727272727273,4.118828876452013,11
35181,0.0,-1057.5,11.247302272103049,11
35187,0.0,-1757.7727272727273,11.230548912828619,22
35219,0.0,-1074.0096153846155,12.625012452785786,26
35223,0.0,-2568.4351145038167,8.577557999669141,131
35226,0.0,-2077.653846153846,8.39990678200355,13
35246,0.0,-2751.4375,11.545115166635656,134
35249,0.0,-2120.985,19.254468612670898,50
35287,0.0,52.674521354933724,13.135764532701959,679
35288,0.0,-578.25,2.055981744419445,11
35289,0.0,-512.7115384615385,15.713804685152494,13
35290,0.0,-2016.6460674157304,9.36621708816357,89
35320,0.0,-2371.0264830508477,10.63965478792029,118
35332,0.0,-2222.4255979241875,21.369793475003718,2216
35348,0.0,-202.13808139534885,15.83295966225077,1290
35358,0.0,-1059.7666666666667,2.0314623246590298,15
35360,0.0,-2247.625,6.9351486426133375,13
35365,0.0,-2412.991447368421,8.990980643975107,570
35375,0.0,-1157.640625,7.928642109036446,16
35409,0.0,-1998.3809523809523,7.050667830875942,21
35410,0.0,-1141.6754807692307,10.507691526756837,260
35412,0.0,-190.92617753623188,3.922316200059393,276
35413,0.0,-185.2403846153846,3.4955193927654853,26
35427,0.0,-2200.009562084257,6.236237605261366,902
35430,0.0,-1300.217261904762,7.716253916422526,126
35452,0.0,-2405.785990712074,13.21170575367777,323
35454,0.0,-1061.4296875,12.755428947508335,32
35455,0.0,-1031.59375,14.504252128303051,16
35458,0.0,-11.03125,4.629755948980649,12
35463,0.0,-1043.8076923076924,3.0684904226889977,13
35474,0.0,-2243.8958333333335,7.665612717469533,24
35479,0.0,-2714.84,6.601218481063842,25
35483,0.0,181.3186274509804,5.483608508811278,51
35490,0.0,-1208.6830357142858,5.3266270118100305,28
35492,0.0,-1745.2760416666667,10.7088702917099,72
35494,0.0,-2339.8076923076924,5.257090871150677,26
35500,0.0,-2651.9583333333335,6.003142070770264,15
35504,0.0,-70.6304347826087,6.085103169731472,23
35513,0.0,-2741.830882352941,6.922982275485992,34
35526,0.0,-1918.7244897959183,7.454803814693373,49
35550,0.0,148.45723684210526,4.899946802540829,38
35552,0.0,-2386.836956521739,7.742859402428502,23
35569,0.0,-2299.318181818182,6.2556284377069185,33
35583,0.0,190.9090909090909,4.5055459629405625,11
35587,0.0,-1452.5200617283951,8.98259958220117,81
35592,0.0,-2098.109375,12.670810321966806,24
35597,0.0,-155.50396825396825,5.570454453665112,63
35607,0.0,-15.71039603960396,4.325352573748862,101
35611,0.0,-217.94166666666666,11.242174065554584,135
35614,0.0,-2391.3489583333335,9.345644980669022,24
35617,0.0,-2319.130681818182,5.676953738385981,22
35620,0.0,-184.50045409511227,21.444585255186027,3028
35625,0.0,-2357.8947368421054,6.722930481559352,19
35633,0.0,-2327.9428294573645,7.647096022154933,129
35634,0.0,-881.1463414634146,15.944072580919034,82
35641,0.0,267.12028301886795,5.488848587252059,53
35650,0.0,-2329.4625,8.488104265928268,20
35664,0.0,-2225.5438247011953,5.283219176459597,251
35665,0.0,-776.2463235294117,7.813650735286104,238
35673,0.0,-1317.7291666666667,4.729869000116984,30
35693,0.0,-2413.75,20.40044559751238,28
35697,0.0,-2236.3547297297296,6.940419731913386,37
35709,0.0,-887.5921052631579,16.77523562782689,38
35715,0.0,-2362.938646788991,14.284564519283968,218
35734,0.0,-53.75961538461539,4.356287442720854,13
35738,0.0,-276.2291666666667,3.9356311745113794,90
35739,0.0,-226.92613636363637,6.22369105165655,22
35751,0.0,-1975.3803418803418,6.675122566712209,117
35787,0.0,-714.921875,7.348682001233101,16
35793,0.0,-1888.11,15.450021220353934,650
35810,0.0,-809.2974137931035,9.148344623631445,29
35817,0.0,192.125,14.906702775221605,13
35824,0.0,-2724.4375,10.718590906688146,14
35830,0.0,403.20454545454544,5.129036209800026,22
35837,0.0,-1804.3591549295775,9.527913131344487,142
35844,0.0,-1739.7092911877394,7.246494757489683,261
35847,0.0,-788.4090909090909,3.8869549614010435,33
35855,0.0,-773.5113636363636,9.276345578106968,11
35857,0.0,407.65625,6.524284154176712,12
35872,0.0,-2189.2279411764707,7.0973399947671325,17
35877,0.0,331.40725806451616,5.138000219098983,31
35886,0.0,390.55381944444446,6.028092384338379,72
35888,0.0,-173.03571428571428,8.219722712891443,140
35895,0.0,-704.4375,6.655000726381938,12
35907,0.0,184.60306291390728,9.361549223100901,302
35910,0.0,-2036.1760869565217,9.903736629693405,115
35914,0.0,24.389705882352942,5.364945325781317,68
35923,0.0,-2032.90625,21.910210402388323,76
35930,0.0,-24.835227272727273,4.480488051067699,22
35932,0.0,-1779.7364130434783,7.326095560322637,46
35937,0.0,-58.05681818181818,2.969975325194272,11
35946,0.0,-2002.8073529411765,24.159515543544995,85
35960,0.0,-2800.605072463768,23.753407775491908,69
35968,0.0,-1818.0555555555557,10.411875036027697,18
35978,0.0,-739.5108695652174,3.8389843132184898,46
36009,0.0,-217.82954545454547,4.025513968684456,33
36010,0.0,-0.20988805970149255,6.07013732217141,134
36018,0.0,401.5652173913044,3.4487463080364726,23
36029,0.0,-557.6160714285714,3.431785081114088,14
36033,0.0,-2200.686440677966,12.273296574414786,59
36038,0.0,-2279.101067270375,11.175604857726054,773
36043,0.0,-1645.9807692307693,9.90072041291457,13
36064,0.0,-2554.451612903226,12.121291891221077,31
36065,0.0,-2304.1176470588234,9.19707410475787,17
36067,0.0,-705.9886363636364,11.032115242697976,11
36077,0.0,-169.69791666666666,6.778023362159729,12
36081,0.0,-1810.6435185185185,8.976981648692378,27
36087,0.0,-1631.7294161676646,7.090018759052197,334
36095,0.0,-1978.1914893617022,22.51921845496969,47
36104,0.0,-630.9592044134727,6.124992886437749,2583
36105,0.0,119.88074712643679,8.196973510172175,87
36113,0.0,-2245.1979166666665,8.087616880734762,12
36120,0.0,-1887.8557692307693,14.920738733731783,13
36123,0.0,-308.6923076923077,11.698723536271315,13
36124,0.0,88.45034246575342,13.230254455244161,219
36131,0.0,2026.48046875,5.373386010527611,32
36134,0.0,-1860.4734848484848,13.749067149017796,165
36158,0.0,-1815.3491379310344,14.994666461286874,29
36167,0.0,-2517.7286585365855,7.786177536336387,41
36171,0.0,-2335.318181818182,8.335345842621543,11
36189,0.0,-2829.9125,18.762363052368165,20
36193,0.0,348.1893274853801,9.890662969901548,171
36195,0.0,478.6328125,12.233983263373375,16
36196,0.0,-2154.8522727272725,5.882125442678278,11
36202,0.0,109.16810344827586,8.778490685183426,116
36203,0.0,-2160.2916666666665,12.926010211308798,12
36209,0.0,-2422.279411764706,5.468618315808913,17
36210,0.0,-1806.173076923077,15.539648129389835,13
36214,0.0,-1409.7791902071563,11.957983894087725,531
36216,0.0,732.1416666666667,8.948724746704102,15
36226,0.0,2208.375,12.062256900469462,15
36242,0.0,-1824.2329545454545,10.756646183404056,22
36244,0.0,-558.3416666666667,8.097112592061361,15
36248,0.0,-1830.1378865979382,6.450946588491656,97
36252,0.0,557.9664310954064,9.699322027262866,283
36257,0.0,-2244.794191919192,8.728192931473858,99
36272,0.0,-2311.223214285714,7.34389853477478,14
36275,0.0,-1857.922619047619,6.099045753479004,21
36289,0.0,-1807.9583333333333,3.4423624177773795,12
36300,0.0,-2343.2589285714284,5.858042512621198,14
36301,0.0,-1796.621212121212,5.867311101971251,33
36303,0.0,-2109.306748466258,8.579432854623152,163
36321,0.0,-1729.325,7.478809685177273,45
36324,0.0,-2378.9406565656564,10.122092101309034,198
36330,0.0,-2320.7746710526317,7.356133391982631,76
36343,0.0,1144.5625,6.595222612222035,12
36346,0.0,-1860.5669642857142,20.748823131833756,28
36355,0.0,2157.828703703704,20.094499234799986,27
36371,0.0,-49.267857142857146,10.133910145078387,14
36404,0.0,2218.279411764706,10.336970525629381,17
36451,0.0,-2310.8697916666665,6.090862611929576,24
36456,0.0,762.4219798657718,8.181975348683812,149
36461,0.0,564.1868131868132,8.479572337407332,91
36469,0.0,-2335.5714285714284,6.896645750318255,14
36471,0.0,-1188.5703125,14.23738607764244,16
36476,0.0,-322.4392361111111,18.76866471341678,1512
36483,0.0,-1823.5208333333333,5.878271472454071,30
36500,0.0,-1834.419642857143,10.835936682564872,14
36511,0.0,-1951.5113636363637,11.097956213084133,22
36521,0.0,-222.3409090909091,5.265081077272241,55
36547,0.0,-2979.9609375,17.327777951955795,16
36549,0.0,-2330.647354694486,8.228110839952834,671
36568,0.0,-1805.2052631578947,7.57261633371052,95
36577,0.0,-1795.5795454545455,6.45987588709051,11
36578,0.0,-1187.6628787878788,10.101943521788627,33
36579,0.0,-16.79722222222222,3.919933280900673,135
36580,0.0,-106.30802891933028,15.761597056185638,657
36581,0.0,-2957.814393939394,13.22784254767678,33
36585,0.0,1687.2786458333333,9.563315440217654,240
36598,0.0,-1783.0243055555557,4.551631478799714,36
36600,0.0,-389.9017857142857,4.671625656741006,14
36601,0.0,-218.1549295774648,7.926655411720276,71
36620,0.0,497.54017857142856,8.73414504075689,224
36645,0.0,-2348.21875,12.09129544099172,12
36647,0.0,-1740.4583333333333,6.33753518263499,24
36676,0.0,-2227.830247440273,6.778665711819719,2930
36684,0.0,-2588.551470588235,14.363491507137523,17
36686,0.0,-2342.3203125,10.445215702056885,16
36687,0.0,-1779.4791666666667,6.1563981374104815,12
36697,0.0,-1528.1818181818182,9.883951577273281,11
36698,0.0,-362.41477272727275,3.7137249491431494,22
36699,0.0,46.2,5.163322603702545,20
36706,0.0,-2363.308988764045,11.383115789128674,801
36728,0.0,-2231.641666666667,8.60783829689026,15
36729,0.0,-2204.6141304347825,18.456956614618715,23
36781,0.0,-2357.48046875,8.092071205377579,64
36783,0.0,-473.11559139784947,5.636869549751282,93
36813,0.0,-1954.8365384615386,7.56806983703222,39
36816,0.0,-2527.721153846154,8.992321014404297,13
36827,0.0,119.68402777777777,5.7949282470203585,252
36832,0.0,-2161.903409090909,4.416654607111758,22
36837,0.0,-41.73641304347826,5.924763868684354,46
36845,0.0,-1308.5104166666667,14.991552591323853,24
36879,0.0,-2085.159090909091,5.735076297413219,11
36892,0.0,17.31547619047619,3.3075475749515353,21
36898,0.0,-2114.9166666666665,9.48557361960411,12
36899,0.0,-1925.3108108108108,5.071733026891141,37
36914,0.0,-1555.2007575757575,6.554549074534214,33
36924,0.0,-1969.0387931034484,4.906602682738469,58
36926,0.0,-2038.6493902439024,7.153069251921119,41
36928,0.0,-2248.089423076923,10.939504724328334,650
36943,0.0,1843.7,7.6470828692118324,15
36944,0.0,-1710.2954545454545,8.983007366007024,11
36954,0.0,-1564.8315217391305,7.049393311790798,23
36965,0.0,-322.75892857142856,6.86070316178458,14
36966,0.0,130.46808510638297,5.84581062768368,47
36990,0.0,-2395.5263157894738,11.751661087337293,19
36999,0.0,46.03977272727273,6.584078799594533,44
37001,0.0,-2283.820833333333,6.4814589311679205,30
37026,0.0,41.70703125,6.281994640827179,32
37034,0.0,-1904.6032608695652,5.8327761906644575,115
37040,0.0,-1044.6180555555557,5.4439171817567615,18
37053,0.0,73.30759803921569,4.270308000199935,102
37061,0.0,-1883.1072695035461,24.413858197259565,141
37078,0.0,25.913152610441767,5.409873478982343,249
37088,0.0,79.23214285714286,12.284640397344317,14
37091,0.0,-2929.6979166666665,17.924872318903606,12
37095,0.0,-2227.3931451612902,5.412557649996973,62
37101,0.0,713.3092105263158,12.36350639242875,19
37102,0.0,62.506107491856675,8.884864096532816,307
37107,0.0,-2209.7727272727275,11.055082993073897,11
37108,0.0,49.38157894736842,20.18409924758108,19
37118,0.0,-2231.2513440860216,6.656035044500904,93
37128,0.0,-46.56,12.877811570167541,50
37131,0.0,-2830.0555555555557,6.667797393269009,18
37146,0.0,51.52542372881356,4.2282966627913,59
37156,0.0,-1931.5892857142858,5.463559891496386,21
37160,0.0,15.951923076923077,7.221656249119685,104
37172,0.0,-39.982142857142854,7.434934650148664,14
37177,0.0,-1934.232142857143,7.028991725295782,14
37180,0.0,247.11737089201878,8.319123287156154,213
37220,0.0,130.38888888888889,13.638963143030802,18
37233,0.0,-2195.4556451612902,4.723854984006574,31
37246,0.0,-155.06640625,6.614411860704422,32
37250,0.0,2085.486381322957,11.348026275170916,257
37271,0.0,0.5532296650717703,8.202809466129285,209
37278,0.0,354.0581395348837,7.5230858090311985,43
37279,0.0,-25.258333333333333,4.116642077763875,15
37301,0.0,-42.70592948717949,7.815784516242834,156
37314,0.0,-1940.7410714285713,7.851600706577301,14
37315,0.0,-1941.0185185185185,7.735915184020996,27
37332,0.0,-2192.85546875,20.2850903570652,32
37339,0.0,151.14583333333334,4.815230280160904,12
37340,0.0,293.265625,11.837542995810509,16
37342,0.0,-2915.425925925926,9.183300914587798,81
37344,0.0,-1241.9819078947369,4.915556474735863,76
37363,0.0,-1876.875,8.277288751168685,11
37368,0.0,-3015.701923076923,6.282241637890156,13
37377,0.0,-61.01315789473684,13.252551543085199,19
37382,0.0,112.66666666666667,4.898829364776612,15
37394,0.0,-1928.3984375,4.8664677776396275,16
37397,0.0,-175.75,7.027418664523533,28
37401,0.0,-2032.1369047619048,6.74208512760344,21
37407,0.0,-2277.768292682927,22.781734146722933,82
37412,0.0,102.27380952380952,5.5304267065865655,21
37420,0.0,-2060.370765832106,12.940887306242171,1358
37426,0.0,112.63970588235294,5.586658365586224,17
37455,0.0,-1917.1477272727273,17.954477136785332,22
37458,0.0,-1946.2589285714287,8.774850589888436,14
37460,0.0,-1953.0224358974358,6.4836626052856445,39
37461,0.0,-1285.7880434782608,8.145375434903132,69
37464,0.0,-1727.8318965517242,4.953663719111476,29
37465,0.0,-2037.1722222222222,5.009610851605733,45
37470,0.0,-1921.4420731707316,6.9526093122435775,41
37475,0.0,-44.503826530612244,12.60508335832836,294
37476,0.0,-39.938058035714285,8.49087048468313,224
37503,0.0,-79.55704467353952,10.107918751055433,1455
37512,0.0,-1750.0681818181818,5.300326325676658,11
37513,0.0,951.7946428571429,18.554168581962585,28
37520,0.0,-2926.0051020408164,12.705820270947047,49
37522,0.0,-1968.7601351351352,20.63742088627171,37
37532,0.0,-1259.03125,5.982100874185562,16
37536,0.0,-1846.4576446280992,7.00599454454154,121
37540,0.0,-617.9556277056278,5.030380354041145,231
37549,0.0,3132.5208333333335,7.494019103050232,30
37571,0.0,-1651.2708333333333,6.38171705769168,216
37573,0.0,-1706.875,4.833170311791556,14
37579,0.0,25.145,14.031890048980713,25
37583,0.0,-1692.9431818181818,7.635630065744573,11
37584,0.0,-1732.0113636363637,5.0279006361961365,22
37585,0.0,-1973.92,5.51365562915802,50
37605,0.0,-2240.7867647058824,5.046595566412982,17
37614,0.0,-2279.2565789473683,5.149623230883949,19
37616,0.0,-209.86764705882354,5.70761099282433,34
37618,0.0,3011.0522151898736,9.489181467249423,79
37639,0.0,-67.88461538461539,10.523252010345459,78
37656,0.0,-1309.4583333333333,6.602201255162557,15
37664,0.0,-1905.3891129032259,5.748015946918918,62
37666,0.0,-1385.0865384615386,6.142590623635512,26
37669,0.0,-183.6931818181818,6.279132691296664,44
37671,0.0,-165.29960317460316,8.093705262456622,126
37681,0.0,-1906.857638888889,4.694743699497646,36
37706,0.0,-2304.4039634146343,12.073915327467569,82
37738,0.0,-1198.6416666666667,16.628200340270997,15
37755,0.0,-2198.9469696969695,4.339394959536466,33
37764,0.0,-75.36479591836735,6.901594531779387,49
37765,0.0,30.3296875,7.616074829548597,80
37798,0.0,2453.2720588235293,9.989717831116876,153
37802,0.0,-1856.9583333333333,7.320051277677218,12
37807,0.0,125.77272727272727,4.926581902937456,11
37815,0.0,-36.99444444444445,8.618930081967955,135
37818,0.0,-266.70535714285717,8.060599941582907,294
37825,0.0,-2256.465579710145,6.756628972896631,69
37830,0.0,-29.301724137931036,5.570810354989151,29
37849,0.0,-1848.5833333333333,11.984015385309855,12
37865,0.0,-1941.96875,6.552884479363759,12
37869,0.0,-56.38235294117647,5.812123396817376,17
37870,0.0,-61.979166666666664,6.318411231040955,12
37872,0.0,-144.77083333333334,9.626887182394663,12
37873,0.0,-1403.2507462686567,14.203390850712411,1005
37880,0.0,-1954.2364864864865,6.159943896370965,37
37881,0.0,-613.7430555555555,5.94242446952396,18
37893,0.0,3140.046511627907,6.444772343302882,43
37904,0.0,-2912.9772727272725,13.715606342662465,11
37905,0.0,-1666.2954545454545,3.882561141794378,11
37909,0.0,-2279.337962962963,18.493137606868036,27
37910,0.0,-2292.729938271605,15.256595685158247,81
37911,0.0,-2299.3375,6.819971264898777,40
37920,0.0,2204.5669568822555,13.929883531373532,603
37921,0.0,-1947.0529411764705,6.787672346479752,85
37922,0.0,-2000.876201923077,8.92916945539988,104
37927,0.0,-1405.8382352941176,5.6108445349861595,17
37937,0.0,-1801.5067567567567,5.863604514985471,37
37945,0.0,-57.671875,14.672253812352816,24
37948,0.0,-2926.3,13.388100881576538,25
37951,0.0,-2242.3815789473683,4.933613394436083,38
37954,0.0,-1954.2613636363637,7.826542702588168,11
37957,0.0,-1865.9615384615386,17.982021258427547,26
37961,0.0,-2247.0,7.0442999224913745,38
37969,0.0,-1079.5520833333333,11.298054819305738,48
37972,0.0,-1964.9583333333333,8.06545572479566,12
38005,0.0,-1792.5,13.789216953775156,23
38023,0.0,3093.1276041666665,6.469493021567662,48
38025,0.0,-2277.9825949367087,8.674620993812628,158
38032,0.0,115.90833333333333,5.7687457720438635,15
38044,0.0,-2505.346153846154,11.163718847128061,13
38049,0.0,-1402.409090909091,7.5799905206217915,66
38053,0.0,21.74264705882353,9.92149957488565,17
38054,0.0,56.970588235294116,10.575399917714735,17
38056,0.0,-2908.5535714285716,7.69193591603211,14
38064,0.0,-1916.7123015873017,7.240351529348464,63
38071,0.0,-1187.87,6.553435201644898,25
38074,0.0,-2958.3223214285713,9.345447350399835,140
38077,0.0,-1943.6422413793102,5.5047703077053205,29
38081,0.0,-0.825,4.25950604279836,15
38091,0.0,-2698.3579545454545,20.36733044277538,22
38093,0.0,2689.22,16.748116149902344,25
38103,0.0,-21.291666666666668,5.526079074541728,30
38104,0.0,-254.96,5.238510026931762,25
38118,0.0,-214.91666666666666,5.732713679472606,18
38137,0.0,-1.1,7.499581503868103,50
38141,0.0,-2380.228448275862,12.258731341910089,87
38147,0.0,-1589.9083333333333,10.792658805847168,15
38148,0.0,-1896.4144736842106,6.014093932352568,38
38169,0.0,-2128.976288056206,11.763211926196721,427
38172,0.0,-2013.7218309859154,23.339941400877187,71
38181,0.0,-2218.870535714286,6.30745847097465,28
38183,0.0,-961.28125,5.333774065971374,20
38193,0.0,-2179.0783783783786,13.788269351805384,4440
38203,0.0,-1721.1328125,6.839943841099739,16
38207,0.0,-1535.9802631578948,6.719385652165664,19
38216,0.0,-2237.3295454545455,5.2443837902762676,11
38228,0.0,-2210.41875,4.279237104952335,80
38250,0.0,-2896.596153846154,9.537062846697294,13
38255,0.0,-2232.8522727272725,4.7411622405052185,11
38264,0.0,-2915.412878787879,10.618912147753166,33
38265,0.0,-1071.346590909091,7.371274038998767,198
38273,0.0,128.65216390423572,9.569809704744575,543
38274,0.0,113.09722222222223,5.202623837523991,18
38282,0.0,-1010.2828525641025,8.931023308864006,156
38283,0.0,34.98076923076923,9.48853469811953,26
38290,0.0,-21.921875,5.04123177131017,24
38294,0.0,-1991.53125,9.024111270904541,12
38295,0.0,-1875.2916666666667,9.524304972754585,27
38299,0.0,-171.8181818181818,4.234672438014638,11
38302,0.0,-1907.766304347826,8.856019740519317,23
38304,0.0,-2232.0104166666665,4.393315715094407,12
38310,0.0,-385.0682851239669,14.422556439115981,1210
38323,0.0,-217.16811846689896,11.424224064325207,287
38325,0.0,-1986.7391304347825,7.589893320332402,23
38329,0.0,2964.2039473684213,6.066133574435585,19
38333,0.0,-1371.892857142857,4.441575407981873,14
38336,0.0,-2.857142857142857,6.0209015914372035,35
38342,0.0,-1873.752659574468,6.854089214446697,47
38348,0.0,-2936.6927083333335,17.839101672172546,24
38367,0.0,-2884.3194444444443,10.975360402354488,27
38369,0.0,2461.715909090909,5.031447258862582,11
38371,0.0,-396.4728260869565,5.024810008380724,23
38373,0.0,-1203.0334101382489,7.483939250974061,217
38374,0.0,-2986.3636363636365,13.763554919849742,11
38392,0.0,-971.6594551282051,9.181556288630535,156
38404,0.0,-1748.4282178217823,7.140319229352592,101
38414,0.0,-1486.366935483871,13.973152076044391,31
38416,0.0,-2180.476809954751,6.241143875464595,221
38430,0.0,-2923.0096153846152,9.972613664773794,13
38440,0.0,-1828.8501655629138,8.041960989007887,302
38441,0.0,-1772.0704022988505,8.027796508251935,174
38443,0.0,-1827.15625,7.57825531065464,16
38464,0.0,-1732.1057692307693,13.510954563434307,13
38484,0.0,-1855.5,8.928438425064087,25
38499,0.0,-1373.6929824561403,14.384481731214022,57
38503,0.0,-1161.3080357142858,6.01713773395334,56
38517,0.0,-1829.328125,20.804406694003514,56
38519,0.0,-1706.9963235294117,6.722393137567184,68
38524,0.0,123.82608695652173,10.321798677029816,23
38539,0.0,-1810.465909090909,4.906614563681862,11
38541,0.0,-743.5069444444445,19.244630548689102,18
38546,0.0,-1821.7058823529412,16.055472934947293,17
38548,0.0,-996.7693661971831,9.657645087846568,71
38558,0.0,-915.3392857142857,13.145357915333339,14
38570,0.0,-2949.1477272727275,8.578447363593362,11
38571,0.0,-2751.29375,19.828759765625,20
38590,0.0,-1993.5681818181818,9.643457889556885,11
38603,0.0,-1666.6363636363637,13.32082614031705,11
38604,0.0,-296.72115384615387,10.526054529043344,13
38609,0.0,-1804.0681818181818,16.173114863308992,11
38618,0.0,120.44089958158996,11.396139917887405,239
38631,0.0,2857.0313169164883,7.67480861910916,467
38645,0.0,-1535.2884615384614,12.449721409724308,13
38653,0.0,-1993.5113636363637,5.043119062076915,11
38665,0.0,1869.6633333333334,12.488704975128174,375
38670,0.0,-1684.3512931034484,15.006185979678714,58
38674,0.0,-2432.5876288659792,9.527997061763841,194
38691,0.0,-269.7346153846154,8.000653666716355,65
38707,0.0,-103.3173076923077,4.170999086820162,13
38709,0.0,-148.16,5.297310161590576,25
38710,0.0,-1112.8297872340424,6.379323246631216,47
38727,0.0,-217.08928571428572,5.2030437758990695,14
38750,0.0,-94.145,4.898398847579956,25
38754,0.0,2393.6722222222224,6.0306859519746565,45
38756,0.0,-1866.2067438692097,9.769864755203029,367
38769,0.0,-2911.4791666666665,6.6101157108942665,30
38774,0.0,-1948.8125,4.957510599068233,14
38776,0.0,-1793.9583333333333,14.470218141873678,12
38787,0.0,-3193.776785714286,9.559903570583888,14
38805,0.0,-83.7421875,3.2961128503084183,16
38809,0.0,2347.9375,6.7226174744692715,22
38819,0.0,-1749.5837004405287,10.835267114219162,227
38823,0.0,-1272.1628787878788,5.927246408029036,33
38831,0.0,230.9451219512195,6.663874509857922,41
38832,0.0,-2171.9479166666665,16.197772065798443,12
38853,0.0,-3043.0481927710844,11.455140807542456,166
38857,0.0,-1714.3144329896907,5.5751215305525,97
38858,0.0,-2535.2235915492956,9.021887649113024,142
38861,0.0,-981.3854166666666,11.766599555810293,12
38862,0.0,-128.93478260869566,11.771336824997611,23
38863,0.0,-3176.3333333333335,8.410457452138266,15
38864,0.0,-2918.4331896551726,7.941576098573619,58
38884,0.0,-1653.5857142857142,6.572398921421596,35
38888,0.0,-2875.8836206896553,7.964425711796202,29
38891,0.0,-986.5,3.8032991235906426,11
38895,0.0,-2067.3541666666665,10.706143498420715,12
38896,0.0,-1753.2272727272727,14.078206430781972,11
38901,0.0,-217.83333333333334,18.322810526247377,27
38912,0.0,-1676.8947368421052,5.45606107460825,19
38913,0.0,-579.1015625,7.938270100525448,112
38917,0.0,-944.5064655172414,5.381429602102987,174
38940,0.0,-3206.608455882353,6.362462387365453,68
38949,0.0,2555.230769230769,8.892637497704962,598
38952,0.0,-1841.9970238095239,6.318138659000397,42
38959,0.0,-1700.8511904761904,13.863232476370674,21
38970,0.0,-1646.0,8.53223882001989,17
38971,0.0,-1679.5859375,16.201151251792908,16
39002,0.0,-638.5833333333334,10.200042195764242,102
39046,0.0,2201.078409090909,8.32337498746135,110
39050,0.0,-1825.032894736842,11.352457046508789,19
39052,0.0,-1709.0929054054054,8.423124400345054,74
39067,0.0,-1819.179347826087,7.399232429006825,23
39091,0.0,-549.4134615384615,5.734628292230459,13
39093,0.0,-2853.471153846154,6.390932706686167,26
39112,0.0,-2940.5411184210525,9.429809533451733,152
39121,0.0,-3361.3541666666665,8.157090320473625,42
39131,0.0,-3219.592391304348,6.482809201530788,23
39163,0.0,-917.2647058823529,8.778566640966078,17
39172,0.0,47.125,5.802868441531532,19
39175,0.0,-3261.2960526315787,6.835232295488057,19
39182,0.0,-267.41015625,5.546696726232767,32
39188,0.0,-1790.9338235294117,9.418400341973586,68
39200,0.0,-3021.4913793103447,17.782192115125984,58
39216,0.0,-2029.6381578947369,10.169750389299894,19
39225,0.0,-3257.852800546448,15.307254324845278,366
39233,0.0,-593.1481958762887,12.317800612793755,97
39238,0.0,-3386.2638888888887,8.428108498454094,36
39242,0.0,-1673.34375,5.092434482442008,36
39259,0.0,-2511.1484375,6.256891138851643,16
39262,0.0,-1712.625,16.98651425043742,24
39270,0.0,-2723.298076923077,15.632616208149837,13
39284,0.0,-2520.8055555555557,6.021850943565369,18
39291,0.0,-2999.175531914894,13.239545167760646,47
39292,0.0,-2970.1625,9.621265625953674,20
39293,0.0,2020.26953125,20.869634732604027,32
39294,0.0,-1704.4932432432433,6.96452504235345,37
39307,0.0,-1711.0,5.75005827261054,23
39313,0.0,-939.4806701030927,4.871317742411623,97
39315,0.0,-1733.9673913043478,6.775444248448247,23
39317,0.0,-1335.5201612903227,7.016092069687382,31
39324,0.0,-789.125,17.571161790327594,11
39340,0.0,-2909.875,6.360874197699807,11
39341,0.0,-3038.7083333333335,9.001470568776131,60
39353,0.0,22.61764705882353,7.395352024658053,51
39358,0.0,-1735.3674242424242,9.354217729785226,66
39364,0.0,-129.5703125,5.107448577880859,16
39370,0.0,-2511.81,12.008162155151368,25
39371,0.0,-1696.7613636363637,5.112663366577842,11
39372,0.0,-802.6763736263737,16.115176530198738,455
39375,0.0,-2674.074074074074,14.337672215920907,27
39376,0.0,-1705.0798076923077,7.0811776670125814,260
39386,0.0,567.844696969697,16.926871213045988,33
39392,0.0,-466.59375,5.846465580165386,16
39403,0.0,-901.3269230769231,5.62850481730241,13
39413,0.0,-1572.5267857142858,12.448209149496895,14
39418,0.0,-369.7708333333333,6.69500873486201,12
39425,0.0,-1859.5698138297873,8.947312909237882,376
39445,0.0,-557.6458333333334,5.281453172365825,12
39451,0.0,-1702.9807692307693,8.67007433451139,13
39469,0.0,2773.185064935065,10.198244868934928,154
39478,0.0,-3004.241666666667,7.389049474398295,30
39488,0.0,184.6818181818182,7.9398745840246026,11
39490,0.0,-3208.339285714286,7.17121638570513,14
39511,0.0,-443.08653846153845,6.2231508287099695,52
39514,0.0,198.21875,13.01726492245992,12
39519,0.0,-1751.4502762430939,10.141156204497616,181
39523,0.0,-481.6953125,5.392561227083206,16
39529,0.0,-1994.9142561983472,8.229353897827716,121
39530,0.0,-1812.9545454545455,6.22193303975192,11
39532,0.0,-1688.6354166666667,5.593008438746135,12
39542,0.0,-1867.8072916666667,8.746158023675283,24
39546,0.0,-1747.3338414634147,10.111011773711297,164
39549,0.0,-1403.826923076923,7.847018260222215,13
39551,0.0,-528.3171296296297,4.384174790647295,108
39554,0.0,-3245.7448979591836,10.072614171067062,49
39559,0.0,-1444.7111244019138,6.159576015038923,209
39587,0.0,-478.725,4.098482633829117,25
39593,0.0,-1693.669642857143,5.885419385773795,14
39604,0.0,1085.8283898305085,10.828876343824096,118
39614,0.0,-3194.546875,7.825354525446892,40
39649,0.0,-2550.221153846154,8.099595390833342,26
39654,0.0,2789.8333333333335,4.90533290108045,15
39655,0.0,806.3455882352941,5.214279364137089,17
39658,0.0,-2515.5625,9.41318909227848,20
39663,0.0,-1628.6118421052631,5.204800624596445,38
39667,0.0,-3189.0089285714284,8.01943668297359,14
39671,0.0,-1924.7565789473683,5.917957569423475,19
39673,0.0,-1702.7065217391305,8.730768991553266,23
39715,0.0,-1602.0891203703704,6.165022096148244,108
39741,0.0,-518.6125,11.334015068742964,90
39757,0.0,-1387.5,6.850332606922496,11
39767,0.0,-808.7142857142857,6.354370968682425,14
39780,0.0,-468.0772058823529,5.629136346718845,34
39820,0.0,-2518.13125,12.384322345256805,40
39823,0.0,-1710.1,4.140249443054199,15
39827,0.0,-1603.9044117647059,5.472311118069817,17
39830,0.0,-2873.13125,16.74194438457489,20
39856,0.0,-2397.075,7.643699741363525,15
39882,0.0,-1380.0347222222222,10.06450707382626,18
39889,0.0,-3164.181818181818,6.660548383539373,11
39897,0.0,-2553.873310810811,21.361866454820376,148
39920,0.0,-1703.7767857142858,9.947340352194649,14
39931,0.0,-3012.8815789473683,10.183432252783524,19
39933,0.0,-782.6923076923077,12.121179874126728,13
39957,0.0,-2516.10625,19.421576261520386,20
39966,0.0,-359.2613636363636,6.093789481755459,33
39969,0.0,-2620.996951219512,16.483515483577076,41
39973,0.0,-1857.1946721311476,26.31411602458016,61
39980,0.0,-3163.608333333333,13.40963371594747,15
39988,0.0,-1682.40625,5.790351490179698,12
40006,0.0,-198.94354838709677,19.006694962901452,31
40023,0.0,-2500.36328125,11.44617124274373,64
40029,0.0,-963.484577922078,10.426835298538208,154
40048,0.0,-713.9722222222222,9.742276511074584,243
40055,0.0,-1706.8063725490197,8.119943712271896,51
40056,0.0,-1689.9322916666667,4.520503267645836,24
40064,0.0,-2704.1022727272725,8.03104019165039,11
40083,0.0,-1487.470744680851,5.738524020986354,47
40087,0.0,-3301.5633561643835,10.318170469101162,73
40102,0.0,-3228.2625,6.5478276014328,20
40105,0.0,-1978.4137931034484,6.882713260321782,29
40110,0.0,-1162.6677631578948,5.969691723585129,76
40137,0.0,-651.0,6.047566449100321,44
40185,0.0,-714.1022727272727,5.118141835386103,11
40230,0.0,-896.5258620689655,4.836074294715092,29
40256,0.0,-1720.8214285714287,17.512747492109025,28
40264,0.0,-876.6875,14.386474750258706,44
40266,0.0,-2426.2386363636365,7.879807580601085,11
40281,0.0,-2950.5333333333333,15.142686939239502,15
40289,0.0,-319.935,14.785918750762939,25
40294,0.0,-3181.5238095238096,9.652141315596444,21
40304,0.0,-219.08552631578948,21.519543108187225,19
40308,0.0,2820.1111111111113,4.998248100280762,18
40311,0.0,-2190.8,17.953032517433165,40
40314,0.0,-412.1955128205128,6.298177520434062,39
40327,0.0,-2693.6778846153848,6.932421024029072,26
40331,0.0,-789.7678571428571,8.731474093028478,14
40337,0.0,-330.2613636363636,4.343534935604442,11
40363,0.0,-1707.734375,5.0430396894613905,24
40382,0.0,-1124.000919117647,7.375061246840393,272
40391,0.0,-866.58,18.067742862701415,25
40393,0.0,535.7083333333334,7.208788553873698,18
40399,0.0,-382.5147058823529,16.555305565104764,17
40401,0.0,-3181.590909090909,6.068136345256459,11
40414,0.0,-1666.7578125,4.565707551315427,16
40415,0.0,-2086.7348484848485,9.582125367540302,33
40423,0.0,-1952.3619230769232,11.226772636817051,325
40448,0.0,181.38492063492063,6.914025414557684,63
40456,0.0,2486.7942784851452,9.924314227985317,3063
40464,0.0,-1700.346590909091,13.234407186508179,22
40494,0.0,-1625.6402439024391,10.820690678387153,41
40509,0.0,-2424.5491803278687,6.022766959471781,61
40511,0.0,-1640.1153846153845,6.130117508081289,13
40512,0.0,-1674.3897849462367,7.073032756005564,93
40513,0.0,-275.5859375,3.6759497076272964,16
40515,0.0,-3261.668269230769,17.743913943950947,26
40532,0.0,-2575.32421875,8.118375781923532,32
40534,0.0,536.0073529411765,8.379259754629697,17
40536,0.0,-2384.9301470588234,8.195484582115622,34
40540,0.0,-1720.5145833333333,5.864342216650645,60
40549,0.0,-2358.9369047619048,5.663573171978905,105
40555,0.0,-508.9310344827586,7.05651043201315,29
40556,0.0,-463.0,4.457050969203313,12
40557,0.0,-378.3355263157895,17.17424111617239,19
40560,0.0,237.58695652173913,4.9289436443992285,23
40563,0.0,-2457.1696428571427,11.729570150375366,14
40568,0.0,-663.75,5.276698437604037,11
40576,0.0,-2994.2272727272725,14.02094468203458,11
40586,0.0,-1562.1911252900231,10.629983012056682,431
40588,0.0,-739.2307692307693,5.270780343275804,13
40598,0.0,-798.5292416452443,5.726053483075532,389
40601,0.0,-1699.7458333333334,6.839188857873281,90
40605,0.0,-1587.1575203252032,5.877863171139384,246
40606,0.0,-756.0,5.39642982929945,16
40609,0.0,-1628.5867346938776,7.944089305644133,49
40611,0.0,18.196428571428573,10.210236481257848,14
40616,0.0,-2435.3035714285716,7.681277411324637,14
40622,0.0,-326.48214285714283,22.433919429779053,14
40634,0.0,256.0208333333333,11.551662047704061,12
40644,0.0,-2439.5694444444443,9.895434971208926,27
40650,0.0,-1755.9266304347825,6.538128846365472,46
40652,0.0,195.65178571428572,4.609982745988028,14
40674,0.0,614.0340909090909,4.383278174833818,11
40698,0.0,-499.28079710144925,6.5414440286332285,69
40715,0.0,-494.4166666666667,6.440452928344409,24
40716,0.0,-3254.544117647059,9.144390751333798,17
40747,0.0,-1899.9791666666667,9.621615211168924,12
40750,0.0,637.9464285714286,6.118367944444929,14
40755,0.0,-2466.390625,8.535281896839539,120
40758,0.0,-1763.0568181818182,14.301762580871582,11
40781,0.0,-2384.2125,10.030803608894349,20
40783,0.0,-1014.6047297297297,18.99806053574021,37
40790,0.0,-3128.5625,9.432259519894918,12
40803,0.0,-2091.9862924281983,8.177276055277483,766
40804,0.0,-2396.9444444444443,5.7738718765753285,27
40806,0.0,-2413.814024390244,7.085457678248242,41
40822,0.0,656.4766949152543,18.79524068509118,59
40826,0.0,-285.6730769230769,5.465658536324134,13
40827,0.0,-2917.470238095238,7.153641655331566,21
40834,0.0,-2401.105769230769,9.807177763718824,13
40846,0.0,-2415.108333333333,17.336902745564778,15
40858,0.0,-1605.1458333333333,16.849053223927815,12
40873,0.0,-1563.0852272727273,18.453430739316072,22
40878,0.0,-3268.6447368421054,9.976719263352846,38
40948,0.0,-3272.5979166666666,8.985732555389404,120
40955,0.0,-1454.979700854701,6.925887793557257,117
40964,0.0,-1562.96875,7.260954936345418,24
40970,0.0,-2443.530701754386,19.701327457762602,57
40972,0.0,-2425.8375,16.49671447277069,20
40986,0.0,-2417.775,18.28318162918091,25
40990,0.0,-885.2724358974359,5.018432601904258,39
40999,0.0,-2299.1694444444443,7.9155679239167105,90
41006,0.0,-169.7408536585366,9.38766422504332,41
41011,0.0,-1823.236111111111,5.593017728240402,27
41012,0.0,-1482.7291666666667,4.140253566205502,24
41031,0.0,-1801.1538461538462,12.850528863760141,13
41038,0.0,-3141.0416666666665,13.116878255208333,15
41046,0.0,-2336.0721153846152,11.905190522854145,26
41057,0.0,-1910.0227272727273,7.644410913640803,11
41058,0.0,-1535.8390151515152,9.689747057177804,198
41059,0.0,-1513.9375,13.49054921997918,18
41068,0.0,-1712.3152173913043,5.814704086469567,23
41072,0.0,-3186.9375,8.651588605982917,14
41075,0.0,802.0661764705883,12.840412195991068,17
41077,0.0,-1852.6420454545455,7.925262982195074,22
41089,0.0,-1574.3223684210527,4.744031410468252,19
41098,0.0,-2375.8645833333335,4.797094007333119,12
41107,0.0,-2417.016666666667,12.458759848276774,15
41122,0.0,-2261.480769230769,10.029688284947323,13
41128,0.0,-1604.2727272727273,14.789687676863236,11
41132,0.0,-524.5372596153846,12.675842013496618,104
41147,0.0,-1101.0416666666667,6.379390886851719,21
41158,0.0,-1369.555,7.305864434242249,25
41184,0.0,-2224.121951219512,8.108886091447458,492
41187,0.0,-1361.9568965517242,8.777261941597379,29
41191,0.0,-441.0357142857143,7.3712763549378195,161
41195,0.0,-3126.2321428571427,9.899663124765668,14
41198,0.0,-1359.5833333333333,5.357815504074097,12
41202,0.0,-1151.3977272727273,11.517832149158824,11
41203,0.0,-1151.25,5.799412830309435,22
41229,0.0,-2223.455882352941,11.761578054989085,17
41233,0.0,-2795.3173076923076,6.772893534256862,13
41242,0.0,-799.48,18.217771110534667,25
41245,0.0,-3155.58125,7.507817929983139,20
41261,0.0,-1791.2083333333333,6.104715506235759,12
41262,0.0,-1858.425,15.175791778564452,25
41264,0.0,-2419.6013513513512,7.390856276761304,111
41272,0.0,-761.9,4.930521519978841,15
41278,0.0,-2399.3884615384613,7.052552103996277,65
41280,0.0,-1314.2884615384614,6.4438629517188435,13
41282,0.0,-1486.763888888889,6.495761906659162,27
41298,0.0,-591.6107594936709,8.830108283441279,79
41301,0.0,-3212.7403846153848,7.3430482515921955,26
41339,0.0,-2213.7835365853657,7.434472723705013,41
41357,0.0,-2087.4014423076924,22.340126276016235,52
41392,0.0,-1471.765,8.148478660583496,25
41393,0.0,-493.76851851851853,6.3667331183398215,27
41406,0.0,-3252.05,9.069174591700236,15
41410,0.0,-1015.7338501291989,6.754089725957052,387
41412,0.0,-3252.346153846154,17.68741563650278,13
41420,0.0,-1746.9646464646464,9.52808833844734,99
41450,0.0,-1203.4895833333333,10.488034745057425,24
41453,0.0,-1194.5562865497077,9.177263976189128,171
41454,0.0,-1718.6442307692307,5.971514555124136,13
41455,0.0,-2080.0520833333335,14.86846931775411,12
41465,0.0,-2412.3928571428573,5.261999317577907,14
41466,0.0,-1205.4204545454545,10.747079476837284,121
41503,0.0,-2314.6041666666665,11.688975592454275,12
41506,0.0,-2352.906914893617,5.738008817459675,47
41523,0.0,-324.1111111111111,8.512945181793636,18
41530,0.0,-2808.714285714286,11.722791694459461,21
41549,0.0,-2399.765625,11.078748246033987,24
41550,0.0,-2402.5625,9.527116199334463,12
41560,0.0,-1732.8676470588234,13.701604758991914,17
41564,0.0,-1177.7722772277227,8.767472665498753,202
41568,0.0,-1803.140625,7.999385714530945,16
41574,0.0,-1309.4583333333333,12.892304865519206,15
41584,0.0,-1284.1136363636363,5.998479149558327,11
41587,0.0,-2153.840909090909,7.865905284881592,11
41590,0.0,-1110.81,5.859453401565552,25
41598,0.0,-3267.15625,10.26663080851237,12
41606,0.0,-2389.608333333333,11.124840704600016,15
41617,0.0,-1091.7613636363637,4.8504615155133335,11
41641,0.0,-3251.375,11.645240123455341,13
41657,0.0,-2166.385,5.7389962768554685,25
41668,0.0,-2428.2976190476193,16.828340462275914,21
41672,0.0,-447.14285714285717,10.03314048903329,14
41696,0.0,-2408.9666666666667,15.896627394358317,15
41704,0.0,-2151.0,7.195781621066007,11
41708,0.0,-2432.534090909091,11.956599235534668,11
41728,0.0,-2295.7658450704225,6.558504045849115,71
41764,0.0,-2413.358870967742,7.019108533859253,31
41768,0.0,-416.1875,5.815327689051628,16
41770,0.0,-3157.6923076923076,16.625886605336117,26
41771,0.0,-2567.0227272727275,8.611448699777776,11
41775,0.0,-2416.967391304348,17.951150666112486,46
41802,0.0,-841.4134615384615,7.432216064288066,13
41805,0.0,-1723.925,17.0086199760437,15
41810,0.0,-3286.6780303030305,20.82231144110362,33
41826,0.0,-3088.5625,6.522039259282442,52
41841,0.0,-2764.2559523809523,5.882574762616839,21
41848,0.0,-422.9575892857143,7.986972251108715,56
41870,0.0,-2398.9913793103447,16.924063846982758,29
41871,0.0,-2468.8330592105262,14.769239934259339,152
41876,0.0,-2530.442897727273,9.424796450104227,440
41878,0.0,-3244.410714285714,14.406808120863777,14
41889,0.0,-3254.068181818182,7.826584035700018,11
41892,0.0,-2732.375,7.43918822492872,14
41909,0.0,-1985.125,8.307200656996834,18
41923,0.0,-2031.1810344827586,5.066002714222875,29
41946,0.0,-3029.285714285714,7.1057950002806525,14
41949,0.0,-2381.625,5.876937224314763,13
41977,0.0,-3280.65,7.065109936396281,15
41982,0.0,-2071.7363636363634,6.3643218381838365,55
41984,0.0,-2398.8618421052633,15.370703446237664,19
41997,0.0,-1938.798076923077,13.860344960139347,13
42037,0.0,-2095.720238095238,5.063585411934626,21
42050,0.0,-2043.33487654321,20.48956581692637,162
42053,0.0,-2127.337121212121,6.301871184146766,33
42066,0.0,-3261.7166666666667,7.269466140369574,30
42071,0.0,-2100.621212121212,15.272145134029966,66
42080,0.0,-345.165,6.087496767044067,25
42087,0.0,-2736.8368055555557,5.912167410055797,36
42095,0.0,-3268.556818181818,9.656122987920588,11
42106,0.0,-2620.53125,6.725130657354991,12
42135,0.0,-1284.4038461538462,9.421390175819397,39
42142,0.0,-2035.108455882353,7.1574225425720215,68
42143,0.0,-2407.9423076923076,14.216539749732384,13
42147,0.0,-744.531862745098,18.63373207578472,51
42163,0.0,-2578.6875,8.29483981927236,18
42173,0.0,-2260.84375,8.398427605628967,16
42192,0.0,-2394.6875,6.146838885816661,22
42193,0.0,-2324.0526785714287,20.59650896503812,420
42199,0.0,-2145.6875,15.152378052473068,16
42208,0.0,-1968.6057692307693,8.091439130978706,78
42219,0.0,-2235.5795454545455,6.434624845331365,22
42221,0.0,-981.7096774193549,14.306292664620184,31
42230,0.0,-653.5612292051756,10.348191163511242,541
42232,0.0,-2379.4347826086955,7.096582796262658,23
42233,0.0,-1936.9588414634147,8.966949755098762,164
42239,0.0,-720.7434210526316,5.443192406704552,19
42259,0.0,-2045.125,8.067795848846435,15
42262,0.0,-518.8507751937984,8.471845612045406,129
42275,0.0,-2460.0393700787404,10.903052354422142,127
42279,0.0,-775.7167937399679,8.37251914439971,2492
42282,0.0,-3042.5777777777776,7.2456534650590685,45
42285,0.0,-2228.926470588235,5.466020787463469,17
42294,0.0,-3256.860576923077,7.606150870139782,26
42303,0.0,-2374.951923076923,10.385963458281298,13
42305,0.0,-2095.4745762711864,11.436458389637833,59
42322,0.0,-3266.3011363636365,7.2073319066654555,22
42326,0.0,-2212.7604166666665,7.569986581802368,12
42334,0.0,-2046.25,12.405322469197786,26
42344,0.0,-2778.1666666666665,9.534139374891916,12
42352,0.0,-238.67916666666667,5.596446311473846,30
42356,0.0,-3264.608333333333,15.1261199315389,15
42357,0.0,-3254.955882352941,7.099959303351009,17
42361,0.0,-2052.7298387096776,8.0194302323044,186
42373,0.0,-2162.092105263158,8.53972821172915,19
42376,0.0,-500.5597826086956,7.492847831352897,46
42381,0.0,-634.1013513513514,8.433084996970925,37
42389,0.0,-2264.0916666666667,10.35960121154785,15
42417,0.0,-3274.7083333333335,8.034682909647623,12
42418,0.0,-3275.1071428571427,11.31169947556087,14
42430,0.0,-2326.544117647059,14.498596626169542,17
42440,0.0,-2300.46875,9.448359827200571,12
42459,0.0,-716.2720588235294,7.031182401320514,17
42460,0.0,-267.1761363636364,9.566651225090027,22
42461,0.0,-3288.1480263157896,8.249340430686349,38
42487,0.0,-2465.739285714286,8.410005564349039,35
42503,0.0,-2648.1666666666665,6.546745379765828,12
42510,0.0,-2169.396739130435,8.717520879662555,23
42525,0.0,-2180.328125,5.901302307844162,16
42538,0.0,-3597.1354166666665,16.414733052253723,12
42553,0.0,-374.5480769230769,6.076864004135132,13
42555,0.0,-1886.0520833333333,21.91542927424113,12
42614,0.0,-3268.0446428571427,8.369716244084495,14
42628,0.0,-2422.580808080808,20.324690511732392,99
42630,0.0,-3261.2946428571427,10.808803081512451,14
42639,0.0,-331.29411764705884,5.170768303029678,17
42643,0.0,-3197.346153846154,12.119165145433866,13
42644,0.0,-2939.8035714285716,7.057908867086683,28
42645,0.0,-2325.1513157894738,7.696710561451159,19
42661,0.0,-3273.409090909091,14.24935548955744,11
42665,0.0,-2191.0714285714284,5.4896434886114935,14
42695,0.0,-392.14473684210526,5.203275630348607,19
42698,0.0,-3283.23,7.527935435771942,25
42703,0.0,428.9505671902269,14.839827664828425,2865
42714,0.0,-676.7986111111111,8.59382630056805,36
42730,0.0,-906.70625,8.438521715005239,60
42760,0.0,-1903.0479166666667,8.063188479344051,120
42769,0.0,-3265.6160714285716,17.108263560703822,14
42774,0.0,-0.9244791666666666,16.30185854434967,96
42779,0.0,-2183.465909090909,10.633345950733531,11
42780,0.0,-2759.0476190476193,15.853778157915388,42
42789,0.0,-2065.3522727272725,12.19347841089422,11
42814,0.0,-2012.1136363636363,7.237268447875977,11
42815,0.0,-1939.5625,8.975310468673706,30
42831,0.0,-2397.3928571428573,5.249027347990444,14
42848,0.0,-3274.5673076923076,18.00509236409114,13
42853,0.0,-1686.7509124087592,9.528101328515659,137
42855,0.0,-2420.4134615384614,11.829427590736977,13
42872,0.0,-2122.7083333333335,10.059057858255175,18
42887,0.0,-3285.9636627906975,9.833242783712786,86
42893,0.0,55.23076923076923,8.682965021867018,13
42948,0.0,-2371.9134615384614,4.979879122513991,13
42956,0.0,-3257.059210526316,9.221284715752853,19
42973,0.0,-2051.403846153846,6.132334635807918,13
42981,0.0,-3274.056818181818,13.768256490880793,11
43003,0.0,-2120.8229166666665,8.596602665053474,72
43012,0.0,-3247.1346153846152,6.465801376562852,13
43023,0.0,-1606.599537037037,20.320031925483985,54
43049,0.0,-2748.859375,13.542130380868912,16
43058,0.0,-1891.2452651515152,6.867726491030418,264
43059,0.0,-2047.0990566037735,7.340888680152173,53
43063,0.0,-427.8662199630314,5.226751820630154,541
43072,0.0,-3046.125,8.159835386276246,15
43076,0.0,-238.23214285714286,4.523278406688145,14
43080,0.0,-517.6342592592592,8.754780548590201,27
43083,0.0,-3285.6392857142855,7.612037868159158,35
43094,0.0,-266.0375,6.418626493215561,20
43103,0.0,-1988.095,7.149644870758056,25
43122,0.0,-3264.5885416666665,14.56722503900528,24
43131,0.0,-2449.62287808642,9.975596169262756,648
43133,0.0,-1740.2554604486422,10.838178897481038,847
43141,0.0,-1948.9879807692307,8.808153780607077,52
43157,0.0,-3064.75,8.626023549299974,13
43174,0.0,-2282.2916666666665,11.911919067303339,12
43204,0.0,-3253.034090909091,11.808858568018133,11
43207,0.0,-2251.6444444444446,9.734655878278945,45
43208,0.0,-1987.0381097560976,9.994594076784646,82
43211,0.0,-244.43382352941177,13.696088846992044,17
43230,0.0,-2222.448611111111,6.428329096900092,90
43239,0.0,-2181.946808510638,6.239009710068398,47
43247,0.0,-1956.6796875,8.28663745522499,16
43252,0.0,-2701.8571428571427,11.515743272645134,28
43253,0.0,-2719.6565533980583,10.908095470909933,103
43254,0.0,-2528.931818181818,5.167259573936462,11
43255,0.0,-755.2556818181819,5.601958052678541,22
43263,0.0,-1882.15625,11.034266948699951,20
43273,0.0,-3257.15,10.612351751327514,15
43282,0.0,-371.4415584415584,10.63863548210689,77
43290,0.0,-1800.53125,11.673727770646414,12
43294,0.0,-3282.2272727272725,16.740483695810493,22
43327,0.0,-1257.7583333333334,18.178284390767416,15
43343,0.0,-2769.323275862069,13.972599999657993,29
43356,0.0,-303.5674342105263,7.7699508227800065,76
43369,0.0,-3254.2892156862745,21.946139017740887,51
43370,0.0,-3262.7321428571427,8.090901102338519,21
43376,0.0,-2765.265625,7.972427878528833,16
43389,0.0,-2704.78125,10.537709638476372,16
43394,0.0,-2421.1935483870966,20.496856012651996,31
43420,0.0,-326.5657894736842,25.771721011713932,19
43432,0.0,-1779.9204545454545,9.37594831351078,33
43434,0.0,-2808.714285714286,16.911710705075944,14
43455,0.0,-2788.5178571428573,13.100277696337018,42
43461,0.0,-1450.7604166666667,12.17857031027476,12
43463,0.0,-3247.443181818182,12.314493482763117,11
43474,0.0,-3229.375,13.460166797637939,25
43503,0.0,-1766.7743827160493,11.789939360559723,405
43511,0.0,-2554.314655172414,13.110316145009008,29
43525,0.0,-2835.6911764705883,19.662853184868307,17
43529,0.0,-2396.715,6.273918786048889,50
43546,0.0,-1390.5073529411766,20.92375104567584,17
43553,0.0,-3192.3798076923076,12.760438295511099,26
43570,0.0,-3124.10546875,12.862333551049232,32
43584,0.0,-849.3970588235294,15.969023367937874,17
43590,0.0,-3187.8476277372265,15.051024548328705,137
43592,0.0,-2210.0703125,14.125060220559439,48
43600,0.0,-2406.29375,7.097897863388061,20
43609,0.0,-3267.39453125,13.557619020342827,32
43623,0.0,-2836.125,7.869434790177778,11
43624,0.0,-2812.4375,6.14875191450119,12
43630,0.0,-2123.825,9.305939478874206,25
43640,0.0,-421.57954545454544,11.067253242839467,11
43641,0.0,-1222.2232142857142,14.87674856185913,14
43651,0.0,-2357.8194444444443,9.576599359512329,27
43670,0.0,-3262.4583333333335,7.544823904832204,12
43678,0.0,-2864.0550595238096,22.90014775877907,84
43687,0.0,-476.04,5.682633037567139,25
43714,0.0,-3246.28125,6.726036846637726,16
43738,0.0,-2060.534722222222,8.353014498949051,18
43759,0.0,-2112.7708333333335,7.556169492857797,42
43787,0.0,-1360.0723684210527,5.984420782641361,19
43792,0.0,-2861.3653846153848,4.5325318574905396,13
43805,0.0,-3231.476063829787,8.988357535068024,47
43817,0.0,-3221.6875,6.570584315520066,26
43829,0.0,-2893.576923076923,11.566765317550072,26
43832,0.0,-2634.8564814814813,16.729304693363332,27
43854,0.0,-2923.4403846153846,6.987017525617893,130
43862,0.0,-3232.15625,7.408213406801224,12
43878,0.0,-575.6428571428571,18.558174087887718,21
43889,0.0,-2900.9736842105262,11.228559309826757,133
43891,0.0,-2889.3633720930234,5.3441241674645,43
43893,0.0,-455.40972222222223,8.192777514457703,18
43903,0.0,-3266.364285714286,6.8496343714850285,35
43917,0.0,-2355.6203703703704,6.798521954704214,54
43919,0.0,-919.25,20.27372751235962,25
43935,0.0,-3260.046875,8.85575556755066,16
43949,0.0,-2317.65,6.232267276048661,25
43972,0.0,-3183.7986111111113,13.194563296106127,18
43977,0.0,-3261.29375,10.182588368654251,20
43978,0.0,-3267.7916666666665,8.143580165174273,18
43994,0.0,-3175.871153846154,10.662721412609786,195
43995,0.0,-1856.4,10.094850480556488,20
44005,0.0,-3287.8273809523807,8.972805026977781,63
44011,0.0,-2491.0454545454545,12.998415686867453,11
44012,0.0,-2906.2839743589743,10.647223360721881,195
44020,0.0,-2911.714285714286,20.154538413456507,35
44031,0.0,-3262.4204545454545,10.620757233012807,11
44046,0.0,-210.25,6.36100867986679,50
44048,0.0,-3268.4296875,8.040714591741562,16
44050,0.0,-3069.4425675675675,9.673375941611624,111
44052,0.0,-2980.46875,11.79548541231211,172
44053,0.0,-3253.945652173913,9.097515935483186,23
44079,0.0,-2809.2916666666665,8.301774183909098,15
44080,0.0,-3227.5625,10.752535197469923,18
44091,0.0,-1171.938806380638,8.775791196343135,909
44105,0.0,-2404.0969387755104,7.191885814374807,98
44121,0.0,-2839.801470588235,12.821560018202838,17
44122,0.0,-2946.3376225490197,11.321483463048935,408
44125,0.0,-2801.352637214862,9.643855552759312,10039
44140,0.0,-2870.0,14.096095323562622,16
44146,0.0,-2306.78125,11.606377005577087,12
44149,0.0,-587.8552631578947,9.728426933288574,19
44150,0.0,-2291.435606060606,6.748298426469167,33
44151,0.0,-2890.475,14.621498107910156,20
44163,0.0,-3267.2905405405404,16.54430608813827,37
44168,0.0,-2907.9928278688526,7.083731266318774,122
44169,0.0,-2961.219155844156,11.944172608774977,154
44174,0.0,-3266.28125,11.4499032497406,12
44182,0.0,-3271.5,7.659937592653128,26
44183,0.0,-1238.8802083333333,8.48476943001151,48
44194,0.0,-3142.5668604651164,10.307646809622298,43
44215,0.0,-3265.7102272727275,10.181630741466176,22
44218,0.0,-2306.146186440678,6.960610038143093,59
44221,0.0,-3291.1191860465115,17.723443541415904,43
44232,0.0,-2951.2916666666665,12.731113843123119,15
44236,0.0,-3361.125,7.038724257100013,62
44237,0.0,-2503.7611940298507,20.77998175549863,67
44238,0.0,-2265.4083333333333,6.421835724512736,15
44241,0.0,-1240.610294117647,4.684648278881522,17
44247,0.0,-3271.1822916666665,14.981252575914064,96
44253,0.0,-2261.5555555555557,8.488885508643257,18
44260,0.0,-2741.09364548495,8.077362589014813,299
44264,0.0,-3272.4333333333334,15.49291696548462,15
44285,0.0,-2922.150974025974,6.883897162103033,77
44290,0.0,-3303.0433558558557,9.703563549497106,222
44302,0.0,-2676.055900621118,10.004280979712311,483
44303,0.0,-2869.2632113821137,7.906482044274245,123
44306,0.0,-2260.1458333333335,8.05935420592626,12
44312,0.0,-2965.2380952380954,8.79323140780131,21
44314,0.0,-3059.7573529411766,14.941550240797156,17
44327,0.0,-2948.623903508772,12.471325354617939,114
44334,0.0,-2863.7361111111113,6.573027677006191,18
44335,0.0,-2882.4134615384614,14.45960444670457,13
44348,0.0,-3247.8020833333335,7.978882138927777,12
44358,0.0,-3271.8888888888887,7.604395429293315,18
44363,0.0,-1120.5600533807828,10.085580719323344,281
44367,0.0,-2908.472222222222,18.906480497784084,45
44372,0.0,-3325.6321428571428,9.225632698195321,35
44376,0.0,-3265.4226190476193,7.288367243040176,21
44384,0.0,-2950.5208333333335,15.074621677398682,12
44402,0.0,-3366.0897511848343,11.973012477724472,422
44410,0.0,-2964.6428571428573,9.004220536776952,14
44411,0.0,-2952.983333333333,7.852780834833781,15
44428,0.0,-1010.25,13.688595056533813,20
44437,0.0,-2922.5169491525426,8.168691550270985,118
44440,0.0,-2433.0078125,12.715246707201004,16
44449,0.0,-2889.5,6.696552685328892,14
44472,0.0,-3242.7697368421054,9.223057270050049,19
44475,0.0,-1173.2403846153845,7.144698436443623,13
44508,0.0,-3294.0991379310344,18.911851718507965,29
44542,0.0,-2957.259708737864,10.42004054611169,103
44543,0.0,-2912.5404411764707,9.78385195311378,34
44566,0.0,-2935.223214285714,6.5818426098142355,14
44568,0.0,-2889.5865384615386,5.102907969401433,13
44599,0.0,-169.3405172413793,6.199359877356168,29
44602,0.0,-2932.660714285714,7.256348030907767,21
44623,0.0,-825.3166666666667,15.16971041361491,15
44632,0.0,-2911.425,10.941309261322022,15
44633,0.0,-2940.964285714286,20.11848749433245,35
44638,0.0,-3305.175,15.280476315816243,30
44672,0.0,-1872.0,8.64570814371109,16
44680,0.0,-2908.015,5.412569050788879,25
44691,0.0,-2085.714285714286,13.93023671422686,14
44701,0.0,-2323.09375,12.795610135793686,20
44707,0.0,-181.28658536585365,8.257996213145372,41
44711,0.0,-1563.9134615384614,18.225133675795334,13
44719,0.0,-2865.46875,8.255187368392944,20
44721,0.0,-2986.5,15.077135690053304,15
44731,0.0,-2682.5245901639346,11.60416247805611,61
44747,0.0,-1870.8870967741937,8.713075207125756,31
44752,0.0,-2924.939655172414,17.304678374323352,29
44768,0.0,-2965.4067220543807,17.93642004270928,331
44777,0.0,-2566.559523809524,13.113133930024647,21
44778,0.0,-2888.5333333333333,13.616075420379639,15
44781,0.0,-3081.0848426365797,25.3570506994628,1684
44801,0.0,-2890.1644736842104,6.184489432134126,19
44811,0.0,-2888.96875,11.038506388664246,24
44814,0.0,-3193.5246710526317,9.702233615674471,76
44824,0.0,-2921.341796875,9.833294296637177,128
44857,0.0,-2933.2884615384614,7.23794960975647,13
44869,0.0,-3280.153846153846,7.940947092496431,13
44873,0.0,-2681.555,15.720339938402176,50
44881,0.0,-2928.0,18.706272894022415,49
44900,0.0,-2975.097222222222,17.40508042441474,18
44909,0.0,-3026.6776315789475,8.666128114650125,38
44926,0.0,-3228.1666666666665,7.805598755677541,12
44936,0.0,-3268.6953125,7.486205458641052,16
44942,0.0,-2941.9886363636365,10.484450275247747,11
44961,0.0,-2627.3433333333332,7.407005729675293,75
44970,0.0,-2922.8854166666665,11.09323456287384,60
44984,0.0,-2679.4875,14.991611576080322,20
44989,0.0,-3320.1756329113923,9.775597348997865,79
44997,0.0,-2263.62742248062,8.361651161382365,258
45000,0.0,-2810.7954545454545,8.849211649461227,11
45005,0.0,-3279.9866071428573,11.696102832044874,28
45008,0.0,-2626.1875,11.979430735111237,12
45010,0.0,-2878.215909090909,6.1415252902291035,11
45049,0.0,-2913.785714285714,5.471953562327793,14
45052,0.0,-2907.5208333333335,5.559113330311245,36
45053,0.0,-2342.671875,7.236104071140289,16
45079,0.0,-3018.0865384615386,6.24639172737415,13
45086,0.0,-2914.8072916666665,9.697033276160559,24
45103,0.0,-1874.1309523809523,8.084502878643217,21
45107,0.0,-2594.8333333333335,8.719066500663757,12
45115,0.0,-2900.5197368421054,11.619360497123317,19
45122,0.0,-945.29375,7.154457587003708,20
45180,0.0,-2960.1875,9.570235835181343,36
45190,0.0,-1710.0,8.81710636138916,25
45203,0.0,-2588.3816964285716,14.895888337067195,56
45207,0.0,-2899.715277777778,20.62330616845025,18
45214,0.0,-1156.2518656716418,7.827587796680963,67
45216,0.0,-2956.2631578947367,11.920114203503257,19
45221,0.0,-3308.0096153846152,7.30065576846783,13
45225,0.0,-1577.546875,11.510812923312187,16
45233,0.0,-2912.8383152173915,8.889083645913912,184
45252,0.0,-3252.060344827586,16.484621886549323,29
45270,0.0,-3213.8486842105262,6.751565851663289,19
45282,0.0,-3302.544117647059,9.999015967051188,51
45287,0.0,-617.625,6.490607599417369,12
45288,0.0,-3125.015,9.510654516220093,25
45305,0.0,-2401.0880102040815,22.687445256174826,98
45318,0.0,-3150.1201923076924,10.161373266806969,26
45346,0.0,-2661.193181818182,7.383949453180486,11
45351,0.0,-1621.0166666666667,12.090336259206136,15
45360,0.0,-3104.5535714285716,7.507947759968894,14
45371,0.0,-3057.9082733812947,10.732242258332617,139
45385,0.0,-2923.1207627118642,14.778088088762962,59
45389,0.0,-2997.7685185185187,11.386599355273777,27
45396,0.0,-2924.71875,13.848311622937521,12
45399,0.0,-1999.6306818181818,7.173828569325534,22
45414,0.0,-1522.674107142857,13.880326688289642,28
45415,0.0,-1836.3515625,19.127616971731186,16
45426,0.0,-2916.8846153846152,9.571472241328312,13
45427,0.0,-3024.173828125,8.79267767071724,64
45435,0.0,-1659.796875,16.665439387162525,24
45447,0.0,-1588.076923076923,9.26898402434129,39
45459,0.0,-2571.840909090909,8.971451304175638,11
45463,0.0,-3445.4986007462685,15.73082749701258,268
45467,0.0,-2954.917857142857,19.901822127614704,35
45489,0.0,-2923.5865384615386,11.518657088279724,26
45490,0.0,-2935.0472972972975,7.248236514426567,37
45597,0.0,-2910.9635416666665,11.082334399223328,24
45609,0.0,-2628.9605263157896,7.332789570093155,19
45615,0.0,-2884.765625,5.999783545732498,24
45616,0.0,-2932.5474137931033,15.475600176844104,29
45617,0.0,-2912.8076923076924,5.055566154993498,26
45637,0.0,-2810.0588235294117,6.904066338258631,17
45665,0.0,-2196.193181818182,10.051521734757857,11
45670,0.0,-466.5210597826087,12.104790458212728,184
45675,0.0,-1723.0524193548388,17.99669417258232,31
45678,0.0,-2894.4741379310344,11.605392719137258,29
45684,0.0,-2906.4479166666665,13.602693676948547,12
45710,0.0,-2787.2610759493673,7.787514986871164,79
45713,0.0,-2839.4166666666665,8.216798484325409,12
45734,0.0,-2761.5694444444443,6.84002724621031,36
45754,0.0,-2340.0138888888887,8.039919650113141,27
45760,0.0,-2896.6666666666665,5.785805092917548,18
45769,0.0,-2833.8660714285716,8.724297268050057,14
45776,0.0,-3185.0208333333335,11.075796912113825,24
45778,0.0,-2879.2403846153848,5.986959237318772,13
45791,0.0,-2892.9375,5.8654725679329465,14
45793,0.0,-2899.029411764706,5.271612742367913,17
45803,0.0,-3024.391666666667,16.16812661488851,15
45821,0.0,-1993.361111111111,7.003069910738203,18
45826,0.0,-2729.7565789473683,11.102414256648013,19
45829,0.0,-2912.8088235294117,5.532973156255834,17
45843,0.0,-3157.2722222222224,11.381348572836982,45
45852,0.0,-2780.1666666666665,11.133091767628988,33
45857,0.0,-2923.3527777777776,15.174835120307074,45
45861,0.0,-3247.9765625,6.307670697569847,16
45879,0.0,-2918.1838235294117,12.67741039687512,51
45883,0.0,-2712.203125,6.2039244174957275,24
45885,0.0,-2856.4333333333334,5.240787124633789,15
45903,0.0,-3238.8645833333335,11.448713421821594,12
45911,0.0,-2852.7948717948716,9.88093612744258,39
45921,0.0,-2881.6382575757575,10.399489438895023,66
45932,0.0,-1977.8074596774193,7.67828755092717,248
45944,0.0,-3384.7529069767443,8.013796199199765,43
45952,0.0,-2923.4285714285716,15.84741192772275,21
45958,0.0,-2693.0876865671644,10.530287194607864,268
45982,0.0,-2818.806818181818,5.645571372725747,11
45994,0.0,-2915.7708333333335,13.646766821543375,12
46028,0.0,-2106.8839285714284,8.343744618552071,14
46031,0.0,-2891.2954545454545,11.1483708078211,11
46033,0.0,-3174.18,13.32915681997935,75
46034,0.0,-3073.68125,19.45195778608322,20
46038,0.0,-2426.124441964286,6.053302405801203,224
46051,0.0,-2504.65,9.4306165933609,20
46057,0.0,-2899.668103448276,6.71613766818211,58
46064,0.0,-1504.921052631579,7.132348437058298,19
46068,0.0,-2724.56640625,6.991662502288818,32
46075,0.0,-3291.125699888018,18.538940126674973,1786
46083,0.0,-2700.2959917780063,8.344304100858222,1946
46094,0.0,-2033.4305555555557,8.27777811686198,90
46107,0.0,-1348.609375,7.570295218378305,16
46121,0.0,-2814.171875,12.809470228850842,32
46122,0.0,-3100.7370939675175,16.672149579928814,862
46126,0.0,-1186.46875,13.138629833857218,12
46127,0.0,-3322.4166666666665,8.129019462145292,39
46152,0.0,-2908.6477272727275,5.284081133929166,11
46153,0.0,-2096.1354166666665,12.55106548137135,36
46160,0.0,-1734.84375,11.778548081715902,12
46188,0.0,-3246.9857954545455,8.384570165113969,44
46192,0.0,-2248.4791666666665,8.706833918889364,12
46198,0.0,-2734.1035714285713,8.24882139819009,35
46215,0.0,-1094.9932432432433,9.642887895171707,37
46247,0.0,-3390.490662650602,10.142407456219914,415
46250,0.0,-2767.0625,6.963209293782711,16
46251,0.0,-2855.8878205128203,6.20299480511592,39
46266,0.0,-1612.5576923076924,10.382161580599272,13
46269,0.0,-1849.0625,11.944080114364624,12
46272,0.0,-2557.7023809523807,17.68056842258998,21
46278,0.0,-2013.43,17.950402030944826,25
46287,0.0,-1771.3392857142858,11.213704926627022,14
46292,0.0,-3027.91875,6.103374433517456,20
46293,0.0,-2879.983695652174,5.556627936985182,23
46305,0.0,-1554.455357142857,12.355120173522405,14
46310,0.0,-2151.9183238636365,14.028185373002833,176
46330,0.0,-2805.1346153846152,7.45781841644874,13
46331,0.0,-2019.5726744186047,7.988064649493196,43
46338,0.0,-2865.1686046511627,15.11910723530969,43
46339,0.0,-2847.987068965517,10.512140635786386,29
46346,0.0,-2410.3478860294117,6.024479569757686,272
46347,0.0,-3008.848880597015,16.54095710925202,67
46351,0.0,-1263.6724137931035,7.256072948718893,29
46359,0.0,-2500.7013888888887,8.394251690970528,18
46363,0.0,-2941.845238095238,12.68884107044765,21
46364,0.0,-3021.9526515151515,18.216903430042844,132
46366,0.0,-2439.71,6.985320587158203,25
46381,0.0,-1990.2386363636363,6.6687939817255195,11
46384,0.0,-3137.25,16.13697588443756,12
46399,0.0,-3311.873853211009,10.777056361557147,109
46405,0.0,-2785.1696428571427,8.11890281523977,14
46417,0.0,-2033.325,20.368644819259643,50
46418,0.0,-3303.90625,6.985859930515289,12
46427,0.0,-3143.78125,14.97079473733902,12
46439,0.0,-681.6477272727273,14.606400229714133,11
46470,0.0,-2116.8970588235293,18.414125386406393,34
46487,0.0,-3170.1979166666665,11.514765739440918,12
46496,0.0,-2913.567028985507,8.102514481198961,69
46499,0.0,-3352.2731481481483,8.617692126168144,27
46506,0.0,-2745.1785714285716,12.585546919277736,14
46515,0.0,-2439.912878787879,7.485959356481379,33
46518,0.0,-2768.875,9.423801819483439,18
46521,0.0,-2638.927536231884,7.552618762289268,69
46540,0.0,-1842.6979166666667,11.29710829257965,12
46543,0.0,-3165.5424528301887,10.233188896808985,53
46557,0.0,-2261.532894736842,10.178964834464225,38
46599,0.0,-3049.8676470588234,14.728827644796933,17
46606,0.0,-2033.35625,11.801354491710663,20
46607,0.0,-2899.5493421052633,9.78495814925746,38
46626,0.0,-3315.8125,13.431065729686193,14
46645,0.0,-2002.798076923077,6.613247101123516,13
46673,0.0,-2453.3970588235293,9.962590834673714,17
46691,0.0,-3329.2161458333335,9.390325985848904,48
46693,0.0,-1874.84375,9.8660138964653,20
46709,0.0,-2342.3522727272725,14.029833967035467,11
46712,0.0,-3046.779255319149,19.65562934571124,47
46718,0.0,-1592.4345238095239,7.986412814685276,21
46722,0.0,-2972.181992337165,10.315470286712793,261
46726,0.0,-1209.6564685314686,8.941742025888884,143
46731,0.0,-2198.9811320754716,23.255116309759753,53
46738,0.0,-2258.2045454545455,6.851998242464933,11
46743,0.0,-3371.4483695652175,11.84808057287465,46
46754,0.0,-3140.3295454545455,8.016036198897796,22
46761,0.0,-3053.472222222222,5.891258672431663,27
46778,0.0,-1727.6,6.510781848430634,25
46784,0.0,-2789.1145833333335,6.459065159161885,12
46791,0.0,-3318.8541666666665,22.27740134133233,18
46792,0.0,-3311.03125,9.57336797118187,40
46796,0.0,-2843.7986111111113,11.717405430328698,162
46801,0.0,-2986.1826923076924,12.116144620455229,13
46824,0.0,-2093.2927215189875,8.028407119497468,79
46825,0.0,-2075.925,8.1560737490654,90
46827,0.0,-3345.341796875,17.021826159209013,64
46833,0.0,-2260.495614035088,7.073876119496529,57
46846,0.0,-2549.4313725490197,6.774326854281956,153
46848,0.0,-3000.1203703703704,7.931147884439539,27
46850,0.0,-2098.6490384615386,10.089859636930319,26
46853,0.0,-3198.27734375,8.904059534271559,96
46855,0.0,-2186.325,6.3342140197753904,20
46856,0.0,-2958.2708333333335,5.69180566072464,12
46859,0.0,-1330.3871951219512,7.561808951017333,41
46862,0.0,-2643.5823170731705,7.886813019470471,328
46866,0.0,-3304.2045454545455,9.679042079231955,11
46880,0.0,-3008.889705882353,14.99049966475543,17
46889,0.0,-2798.0991379310344,8.23522425828309,29
46899,0.0,-3318.4066666666668,9.368123477300008,75
46904,0.0,-2238.1446078431372,6.378940339181938,51
46907,0.0,-3129.0795454545455,6.91908201304349,11
46932,0.0,-744.015625,6.708709426224232,16
46954,0.0,-3141.4307228915663,13.22464374461806,83
46965,0.0,-2955.9561403508774,7.520157261898643,57
46966,0.0,-3100.458729781161,14.062590213189456,1051
46970,0.0,-3361.975,8.351040387153626,20
46980,0.0,-2525.6875,6.027665234274334,18
46999,0.0,-2623.6716666666666,9.726728560129802,75
47012,0.0,-2086.6320209251103,12.629938110380971,908
47023,0.0,-3137.090909090909,6.5879979729652405,22
47028,0.0,-2092.0208333333335,8.19971407453219,48
47032,0.0,-2046.331546275395,15.8124749953806,443
47043,0.0,-2238.9009815242493,22.735969028076454,433
47047,0.0,-2732.7105263157896,10.998960971832275,19
47063,0.0,-2307.7115384615386,7.652989057394175,13
47078,0.0,-1834.8557692307693,5.6088367242079515,13
47087,0.0,-2348.1470588235293,12.472202160779167,17
47100,0.0,-3121.3048469387754,9.849262064817001,98
47105,0.0,-2291.6171875,7.540008455514908,32
47108,0.0,-2438.0546875,7.285449918359518,16
47109,0.0,-2788.1488095238096,6.077975693203154,21
47110,0.0,-2930.3,13.309607251485188,15
47121,0.0,-3050.091346153846,10.77911901473999,26
47139,0.0,-1797.1057180851064,6.628848831704322,188
47144,0.0,-3041.346153846154,17.87510095192836,26
47147,0.0,-2197.0698529411766,7.910528295180377,34
47149,0.0,-1760.1171875,6.379568621516228,16
47158,0.0,-3037.455882352941,8.350497435120975,17
47164,0.0,-3129.5227272727275,6.329221400347623,11
47176,0.0,-2544.9239130434785,18.09985164974047,23
47178,0.0,-3003.633569299553,7.9136625118320465,3355
47186,0.0,-3179.2920918367345,8.789356236555138,98
47195,0.0,-1648.090909090909,3.820123932578347,11
47202,0.0,-2120.3694852941176,7.404876999995288,68
47203,0.0,-3057.35,7.865619087219239,50
47214,0.0,-3004.7464285714286,9.808278696877617,35
47217,0.0,-3328.1704545454545,11.566479574550282,11
47220,0.0,-3388.2993421052633,9.173862215719724,38
47236,0.0,-3286.5343137254904,22.489966654310038,51
47242,0.0,-3040.3223684210525,7.075271694283736,19
47251,0.0,-2745.5197368421054,11.002866343448037,19
47257,0.0,-2938.301470588235,9.367576725342694,17
47274,0.0,-3132.3821428571428,9.629177297864642,35
47280,0.0,-2984.2560483870966,8.89910666788778,186
47283,0.0,-2660.011956521739,8.630108432147814,115
47321,0.0,-2626.7395833333335,15.207176526387533,12
47332,0.0,-1521.25,5.287189457033362,42
47342,0.0,-3036.596153846154,7.3795952796936035,13
47354,0.0,-2710.626524390244,22.366987309804777,82
47357,0.0,-2656.8125,6.909870388832959,44
47372,0.0,-3060.026785714286,6.2924467495509555,14
47392,0.0,-1710.95625,5.644865694642067,40
47394,0.0,-3323.3645833333335,13.675467173258463,12
47412,0.0,-3096.4513888888887,16.99628021981981,18
47423,0.0,-2772.2840346534654,8.124715691745871,202
47440,0.0,-2206.0,8.992220984564888,18
47441,0.0,-2733.4083333333333,7.460396067301432,15
47448,0.0,-3361.4752906976746,13.336260496183883,86
47452,0.0,-1405.7434210526317,16.772332843981292,19
47456,0.0,-3256.4423076923076,16.270218042226936,13
47458,0.0,-2315.3333333333335,9.70466544230779,12
47487,0.0,-1766.8304347826088,5.766718386567157,115
47490,0.0,-2726.2115384615386,14.938477690403278,13
47494,0.0,-3053.181818181818,5.718299735676158,11
47524,0.0,-2584.4583333333335,12.059856033325195,15
47544,0.0,-1263.8357142857142,7.792301089423043,35
47550,0.0,-3227.1146991497712,7.253942488201153,1529
47573,0.0,-3178.1696428571427,19.071474313735962,14
47592,0.0,-2072.6704545454545,13.302626203406941,11
47610,0.0,-2592.2735200845664,8.007972153750332,473
47612,0.0,-2901.1064453125,8.392042212188244,128
47614,0.0,-2634.0446428571427,5.396730533667973,28
47633,0.0,-2359.2952127659573,5.350636527893391,47
47645,0.0,-2421.0546875,16.675860345363617,16
47649,0.0,-3307.9083333333333,7.106778367360433,15
47666,0.0,-2906.4583333333335,13.36358740594652,27
47674,0.0,-3318.7395833333335,8.351135075092316,12
47681,0.0,-1308.715,8.68120421409607,25
47695,0.0,-2618.154411764706,8.667249356999116,17
47702,0.0,-2875.125,16.019040612613452,17
47712,0.0,-2797.973214285714,8.557323877300535,112
47728,0.0,-1638.8479938271605,5.553270431948297,162
47739,0.0,-1902.7723214285713,11.767079930220332,28
47750,0.0,-1271.86875,7.91116047501564,20
47757,0.0,-2995.8730322707597,20.74150955606661,2541
47787,0.0,-3325.3125,10.059794035824863,22
47847,0.0,-2628.818181818182,8.150263201106679,11
47850,0.0,-2735.068181818182,10.065620465712113,11
47854,0.0,-3007.875,7.67606808589055,13
47857,0.0,-2896.7727272727275,6.248947111043063,11
47876,0.0,-3342.6136363636365,13.980568598617207,44
47911,0.0,-2984.4553571428573,8.387818796294075,14
47943,0.0,-2576.2540322580644,9.810685419267223,31
47944,0.0,-2652.6666666666665,7.703293522198995,12
47948,0.0,-2953.695,24.12847246170044,75
47980,0.0,-2652.9583333333335,8.075948417186737,12
47987,0.0,-1215.1467391304348,6.315846562385559,23
47994,0.0,-2615.512195121951,8.731339937303124,41
48009,0.0,-2603.125,8.867305538871072,11
48015,0.0,-1268.5416666666667,7.827512721220653,12
48026,0.0,-3046.5,16.788728793462116,12
48036,0.0,-2872.8355263157896,7.857595958207783,19
48043,0.0,-2895.3863636363635,8.304869153282858,11
48044,0.0,-1122.3786764705883,23.288514614105225,34
48050,0.0,-2612.1792582417584,9.028773039107639,3822
48058,0.0,-2514.69122706422,6.756097938762892,436
48059,0.0,-2563.265410958904,8.699253506856422,73
48062,0.0,-2937.9274193548385,6.6223144790818615,31
48078,0.0,-1262.1153846153845,5.721630222522295,26
48085,0.0,-1819.3684210526317,16.093343283000745,38
48111,0.0,-1757.3863636363637,15.181867426091975,11
48114,0.0,-2341.8355263157896,5.684145149431731,19
48116,0.0,-2555.4609375,14.998451709747314,16
48134,0.0,-1286.075819672131,13.610242546581832,61
48164,0.0,-4728.867156168908,14.653243758965843,21195
48168,0.0,-1368.5875,5.705754733085632,20
48177,0.0,-3672.247555012225,9.671636235403062,1227
48205,0.0,-2407.840909090909,8.234051314267246,11
48215,0.0,-3267.9821428571427,9.74417243685041,14
48269,0.0,-2905.46875,17.670341634750365,20
48271,0.0,-3101.964285714286,19.640086128598167,21
48276,0.0,-2536.848214285714,10.099878504162742,42
48288,0.0,-2378.5833333333335,7.242353614171346,15
48292,0.0,-1286.2875,10.516356150309244,30
48310,0.0,-2510.6009615384614,17.662399768829346,26
48316,0.0,-2185.673076923077,7.26157023356511,13
48320,0.0,-1470.5625,14.287640690803528,12
48321,0.0,-3299.027777777778,11.750642246670193,27
48339,0.0,-1600.71181462141,10.30832028606853,383
48341,0.0,-3080.1666666666665,5.933535069227219,12
48346,0.0,-3304.7633928571427,10.888345837593079,28
48361,0.0,-3254.2954545454545,6.339924129572782,44
48372,0.0,-3115.181818181818,7.959916055202484,44
48377,0.0,-3169.160714285714,9.850775701659066,14
48392,0.0,-3058.1470588235293,6.304870128631592,17
48400,0.0,-3074.6064814814813,20.027695991374827,27
48402,0.0,-2740.2638888888887,6.847799685266283,18
48414,0.0,-4460.428571428572,15.66974857875279,14
48430,0.0,-3027.8333333333335,6.218808278993324,27
48436,0.0,-2640.1704545454545,8.611703785982998,11
48456,0.0,-3095.4083333333333,12.723260084788004,15
48463,0.0,-2260.575,6.490513292948405,15
48471,0.0,-4366.067307692308,17.513250497671272,13
48492,0.0,-1250.9947916666667,7.944277877608935,24
48514,0.0,-2763.1136363636365,9.001367742365057,11
48532,0.0,-2332.0333333333333,5.9258819103240965,15
48542,0.0,-1372.7589285714287,10.524930851800102,14
48551,0.0,-3062.0113636363635,6.671312586827711,11
48588,0.0,-2836.2864583333335,6.152756869792938,24
48593,0.0,-3243.153846153846,23.423928774320164,26
48594,0.0,-3028.39375,8.142450988292694,20
48628,0.0,-2365.05,8.068840765953064,20
48641,0.0,-1232.09375,6.612168838580449,12
48647,0.0,-2529.796875,20.593345999717712,40
48674,0.0,-2461.09375,7.215642520359585,28
48675,0.0,-2610.93,10.866401510238648,25
48678,0.0,-1692.3454545454545,11.23789156946269,220
48687,0.0,-3153.076923076923,10.705584526062012,13
48714,0.0,-1251.8068181818182,5.818091866644946,22
48776,0.0,-2979.065,8.163529901504516,25
48779,0.0,-1959.8416666666667,9.56702807744344,15
48784,0.0,-3330.9921875,10.50503733754158,16
48798,0.0,-2361.794117647059,14.219999649945427,17
48818,0.0,-3057.2554347826085,22.950072716111723,92
48820,0.0,-1397.1875,20.980510999759037,24
48830,0.0,-1253.642857142857,5.9194743519737605,42
48841,0.0,-3307.65625,6.793719321489334,16
48855,0.0,-2449.1160714285716,10.670945031302315,14
48856,0.0,-1234.6659836065573,7.026784963295108,61
48863,0.0,-1400.358059914408,17.42811077161454,701
48879,0.0,-1189.6609589041095,5.780926994469068,73
48883,0.0,-2913.840277777778,5.679197582933638,18
48888,0.0,-1128.2163461538462,6.408695961993474,26
48900,0.0,-1477.798076923077,5.795330891242394,13
48907,0.0,-2973.471153846154,12.280784166776217,13
48926,0.0,-2950.1776315789475,8.331704353031359,19
48947,0.0,-3059.8636363636365,9.25280709700151,11
48963,0.0,-3281.4347014925374,11.955195690268901,67
48976,0.0,-1565.3385826771653,9.218545730658404,127
48981,0.0,-1856.6064814814815,10.17616151880335,27
48992,0.0,-1452.75,5.509594198316336,12
49008,0.0,-2213.907894736842,7.317124693017257,19
49063,0.0,-2904.825,12.05436427116394,25
49068,0.0,-3000.5446428571427,5.583752342632839,14
49085,0.0,-3194.5387931034484,7.532834042762888,29
49103,0.0,-2725.712121212121,7.420503877028071,198
49106,0.0,-2760.9615384615386,9.10916361441979,13
49113,0.0,-3228.6145833333335,15.69860565662384,12
49129,0.0,-2756.7063953488373,10.11159922910291,43
49133,0.0,-2979.6118421052633,12.37244927255731,19
49140,0.0,-2287.464285714286,7.868003947394235,14
49144,0.0,-2694.2713414634145,20.401417976472437,41
49149,0.0,-3087.3571428571427,10.540025915418353,21
49154,0.0,-2065.8554764243613,7.768717000872073,1018
49167,0.0,-1878.625,11.61177659034729,12
49178,0.0,-3144.40625,11.800648307800293,20
49185,0.0,-2920.278846153846,10.280277894093441,13
49192,0.0,-1473.1140510948906,6.877043368933845,548
49194,0.0,-2881.710416666667,10.073282208045324,60
49203,0.0,-3155.094893292683,25.094947265415655,328
49230,0.0,-3008.7884615384614,12.319702350176298,26
49256,0.0,-2711.2727272727275,13.822549299760299,11
49260,0.0,-3014.019230769231,9.912882254673885,13
49272,0.0,-2227.734375,8.161548167467117,16
49274,0.0,-2038.1493055555557,9.63807806207074,576
49293,0.0,-2670.1111111111113,6.0256854097048445,18
49307,0.0,-2799.3990384615386,11.676367539625902,26
49320,0.0,-2831.0773809523807,6.097826042345592,21
49321,0.0,-2916.171296296296,6.417803313997057,27
49328,0.0,-3181.5125,11.935370945930481,20
49345,0.0,-2889.0868902439024,6.695890655604805,82
49352,0.0,-3222.6071428571427,6.765828898974827,14
49360,0.0,-2675.8798076923076,8.895533910164467,26
49377,0.0,-2624.651785714286,7.776277644293649,14
49383,0.0,-2976.1022727272725,10.85220181941986,11
49397,0.0,-1741.0073529411766,14.034241900724524,17
49420,0.0,-1666.782001201923,9.363234202305858,832
49428,0.0,-3011.284090909091,9.628173156218095,11
49503,0.0,-2971.6136363636365,6.102156617424705,11
49515,0.0,-2671.785714285714,14.194106561797005,14
49532,0.0,-2300.4375,16.33316487736172,18
49541,0.0,-2975.467391304348,14.946541682533596,23
49556,0.0,-3000.941037735849,18.07641783750282,53
49558,0.0,-948.34375,6.336282630761464,12
49575,0.0,-2667.3125,5.756765941778819,12
49611,0.0,-3172.572068403909,20.284161039773934,7982
49620,0.0,-3245.644132653061,10.794071632988599,98
49633,0.0,-2701.858333333333,10.780445877710978,15
49637,0.0,-1070.433734939759,11.817480611992648,249
49638,0.0,-2807.974537037037,10.682174225648245,54
49649,0.0,-2830.583984375,9.096322640776634,64
49667,0.0,-2966.029255319149,15.946095588359427,47
49697,0.0,-2892.3303571428573,5.92846405506134,14
49719,0.0,-2842.557578125,24.432207628712057,1600
49725,0.0,-2686.7678571428573,6.18816031728472,14
49758,0.0,-2996.9196428571427,6.802631837981088,14
49766,0.0,-2504.0335365853657,15.601908323241442,41
49773,0.0,-2615.43,6.674935460090637,25
49809,0.0,-2791.2361111111113,7.053849329551061,18
49826,0.0,-2935.6911764705883,7.54119745422812,17
49833,0.0,-2233.548349056604,9.397754487001672,106
49848,0.0,-2677.9875,7.071275055408478,20
49887,0.0,-2533.0703125,7.665855661034584,16
49888,0.0,-2570.1041666666665,9.010252018769583,12
49910,0.0,-2592.5916666666667,18.703459564844767,15
49923,0.0,-2598.8984375,17.077390387654305,16
49981,0.0,-2569.375,6.76523068405333,21
49985,0.0,-2842.929347826087,14.521694929703422,23
49986,0.0,-1081.1896551724137,6.914616847860402,29
49996,0.0,-2534.334375,6.183815616369247,40
50014,0.0,-2565.9539473684213,15.387002192045513,19
50018,0.0,-3006.8977272727275,11.658673633228648,11
50031,0.0,-2498.2102272727275,6.909862171519887,22
50047,0.0,-2567.2125,6.659745198488236,20
50062,0.0,-2518.860294117647,18.00404430838192,17
50087,0.0,-2124.846153846154,8.519046618388249,13
50088,0.0,-1775.4722222222222,9.066077080037859,18
50096,0.0,-2975.0078125,6.977275654673576,16
50097,0.0,-2905.230769230769,5.6813345689039965,13
50107,0.0,-2472.727083333333,10.029517032702763,60
50108,0.0,-2483.3839285714284,6.097296416759491,28
50121,0.0,-2536.419117647059,6.66932591269998,17
50143,0.0,-2890.1666666666665,8.08908164942706,27
50156,0.0,-2901.340277777778,7.514655066861047,18
50187,0.0,-2459.9184782608695,5.761848584465358,23
50198,0.0,-2906.7587579617834,10.73258877920497,314
50217,0.0,-2429.580882352941,8.193664627040134,68
50237,0.0,-2519.4545454545455,6.263934482227672,11
50239,0.0,-2491.71875,8.963008215030035,12
50241,0.0,-2662.0223214285716,10.045804270676204,28
50243,0.0,-2763.3616071428573,7.897657598767962,28
50254,0.0,-1523.8214285714287,8.989581516810826,14
50260,0.0,-2410.579769736842,7.844854864634965,152
50261,0.0,-2485.998134328358,15.298687328153582,67
50271,0.0,-3385.094465648855,13.093044776952903,131
50286,0.0,-1695.9391891891892,10.718494943670324,74
50328,0.0,-2419.8324468085107,7.84408393058371,47
50352,0.0,-2796.3585137795276,6.798702032547298,508
50367,0.0,-2401.3020833333335,9.2864830493927,24
50413,0.0,-4439.660714285715,9.586780156408038,14
50427,0.0,-2401.972222222222,6.908013648456997,18
50437,0.0,-2326.375,6.896581908067067,30
50447,0.0,-2535.4595588235293,7.510160315562697,68
50450,0.0,-2446.714285714286,6.222566430057798,14
50457,0.0,-2410.75,5.654741920530796,16
50460,0.0,-2470.7045454545455,8.606041821566494,11
50473,0.0,-2369.609375,7.015859130769968,16
50482,0.0,-2733.6071428571427,6.66765174411592,21
50506,0.0,-2327.8898809523807,8.443963266554332,42
50514,0.0,-967.9982142857143,7.7446860258068355,70
50517,0.0,-1616.9615384615386,8.191629464809711,13
50520,0.0,-2326.931818181818,8.754802120002834,44
50528,0.0,-3399.409090909091,12.071606332605535,11
50529,0.0,-3029.35,10.396656984090805,30
50531,0.0,-1467.7890625,7.193673729896545,16
50536,0.0,-2414.732824427481,7.099410504785203,131
50540,0.0,-2351.282894736842,8.64261805070074,19
50547,0.0,-2774.2875,8.79281068444252,90
50550,0.0,-3137.971153846154,8.046945195931654,26
50554,0.0,-2426.4375,6.218909939130147,24
50555,0.0,-2434.028846153846,9.387926019155062,13
50560,0.0,-2393.1592741935483,7.963627746028285,62
50569,0.0,-2279.955882352941,7.808979637482587,17
50579,0.0,-2235.903846153846,11.37033407504742,52
50581,0.0,-2291.1953125,8.588340312242508,16
50599,0.0,-2936.096153846154,12.076680623568022,13
50600,0.0,-4456.965909090909,11.435231945731424,11
50602,0.0,-3260.8389830508477,24.39733174695807,59
50612,0.0,-2271.806818181818,11.596807393160733,11
50626,0.0,-2271.3125,9.072981800351824,14
50679,0.0,-2383.95,7.712921035289765,25
50692,0.0,-1832.986320224719,10.026762707665394,4450
50711,0.0,-3374.1571782178216,8.340717626090097,101
50723,0.0,-2298.4204545454545,6.241428678685969,11
50732,0.0,-2940.6646706586826,12.586165534522005,167
50751,0.0,-2374.875,6.881320893764496,12
50753,0.0,-2343.239010989011,7.475409759924962,91
50754,0.0,-2361.5673076923076,6.739108262917934,39
50775,0.0,-2172.18125,8.276787328720093,20
50792,0.0,-2867.0096153846152,6.06782263975877,13
50805,0.0,-2204.220588235294,9.037744241602281,17
50831,0.0,-3115.0576923076924,7.730778510753925,13
50834,0.0,-1742.2727272727273,13.051084431734951,11
50839,0.0,-2324.610294117647,5.905038952827454,17
50847,0.0,-2943.4147196261683,9.198561210498632,107
50858,0.0,-2190.909722222222,10.272542218367258,54
50873,0.0,-2347.9,8.582518255710601,20
50889,0.0,-2274.5158582089553,7.891970897788432,134
50901,0.0,-2528.9131944444443,7.494685408141878,36
50917,0.0,-2096.96,7.251661949157715,25
50924,0.0,-2497.6195652173915,7.574607932049295,23
50925,0.0,-2873.820652173913,5.808244601539943,23
50933,0.0,-2178.1160714285716,7.664640477725437,14
50943,0.0,-883.5886889460154,14.425136798145225,778
50955,0.0,-2588.7727272727275,7.035768400539052,11
50959,0.0,-3303.9759615384614,8.7575539625608,26
50961,0.0,-2998.6493902439024,8.582317276698786,41
50974,0.0,-872.3475,6.344339747428894,50
50975,0.0,-4372.125,8.019518256187439,15
50979,0.0,-2263.8895705521472,8.106083443194079,163
50980,0.0,-2110.596153846154,6.926294766939604,13
50989,0.0,-2798.0919811320755,9.638187840299786,53
51000,0.0,-2244.6439393939395,9.366546056487344,33
51033,0.0,-2829.4102348993288,7.496721009280058,149
51035,0.0,-1353.5795454545455,9.67786781354384,22
51043,0.0,-2236.6438172043013,7.079348316115718,93
51082,0.0,-2824.1484375,15.030319690704346,16
51083,0.0,-2666.8636363636365,9.13841893456199,11
51095,0.0,-4331.075,9.678842671712239,15
51098,0.0,-3265.7911458333333,13.856313876310985,240
51144,0.0,-2756.462962962963,7.833664823461462,27
51145,0.0,-2818.0825942350334,7.074527256240337,451
51148,0.0,-1314.451923076923,12.35260530618521,13
51154,0.0,-2106.21875,8.480921298265457,16
51183,0.0,-2056.4945652173915,8.531524272068687,23
51200,0.0,-2169.4204545454545,7.808840838345614,11
51202,0.0,-2020.5208333333333,10.165431747833887,12
51209,0.0,-2806.565,7.267462377548218,50
51233,0.0,-2196.5903846153847,9.040937785460399,130
51240,0.0,-2745.2553897180765,8.644233812147112,603
51247,0.0,-2810.40625,7.982415340402547,68
51251,0.0,-3322.99625,8.149871358573437,100
51270,0.0,-2517.809335443038,11.481013957458206,158
51274,0.0,-2179.7083333333335,6.8079713765117855,18
51284,0.0,-2889.0723684210525,7.621300032264308,19
51310,0.0,-3113.453525641026,9.873671579055298,78
51343,0.0,-2357.2619047619046,10.329923947652182,21
51350,0.0,-2062.864147088866,22.892202373167102,4895
51364,0.0,-2897.6785714285716,14.076535327093941,14
51386,0.0,-1385.0104166666667,6.325880779160394,36
51387,0.0,-2158.6381578947367,6.007938272074649,19
51406,0.0,-2748.644230769231,10.828773085887615,26
51407,0.0,-2651.107089552239,6.630448590463667,335
51416,0.0,-3651.0779191068814,21.162071492866577,2732
51425,0.0,-2578.582175925926,6.618250554358518,108
51446,0.0,-2605.7072339489887,7.020974342300899,1137
51456,0.0,-2442.65,5.4656182587146755,40
51461,0.0,-2660.25,8.241067803424338,23
51473,0.0,-4500.734375,20.937135753306475,88
51476,0.0,-1313.609375,19.239248245954514,16
51494,0.0,-2596.438432835821,7.498010767039968,67
51500,0.0,-2456.7824074074074,9.101792075015881,27
51505,0.0,-4441.125,7.183967621553512,21
51516,0.0,-4452.920454545455,10.888271310112692,11
51520,0.0,-3064.9454545454546,10.042311963168057,55
51524,0.0,-860.95625,13.335902309417724,20
51541,0.0,-2301.568181818182,22.222150629216973,11
51562,0.0,-3613.1817269076305,14.383858657744995,249
51577,0.0,-2980.8046875,14.0823415517807,16
51587,0.0,-2619.3641304347825,12.801996956700863,23
51608,0.0,-687.0271739130435,7.472636855166892,23
51618,0.0,-2362.860294117647,10.114357715143877,34
51627,0.0,-2353.0489130434785,8.284025876418404,23
51673,0.0,-3093.5833333333335,11.42656758096483,18
51681,0.0,-2502.3333333333335,8.772241155306498,12
51689,0.0,-1495.075,9.531073252360025,15
51691,0.0,-2271.8194444444443,11.685935709211561,18
51694,0.0,-4472.430555555556,12.641396933131748,18
51719,0.0,-4441.085526315789,10.387728465230841,19
51727,0.0,-4459.521825396825,12.407092838060288,63
51728,0.0,-4005.363247863248,10.666619887718788,117
51737,0.0,-2489.828703703704,7.103015001909233,162
51742,0.0,-2822.7386363636365,7.8589665564623745,22
51747,0.0,-1327.9910714285713,10.668923165116992,14
51763,0.0,-2449.8221153846152,8.374222379464369,26
51769,0.0,-4452.822916666667,10.742109209299088,24
51818,0.0,-3037.846153846154,13.305346672351543,13
51834,0.0,-3846.048076923077,11.69115496904422,39
51852,0.0,-4229.489795918367,10.79583352925826,49
51858,0.0,-2136.7618343195268,24.260834634656735,169
51882,0.0,-3094.6052631578946,14.355597972869873,19
51885,0.0,-1117.3085317460318,7.110524902268062,126
51901,0.0,-2433.639423076923,13.740461175258343,26
51909,0.0,-2686.568604651163,13.968331997893577,215
51928,0.0,-2381.4879032258063,6.7015691188073925,31
51942,0.0,-4433.295454545455,13.189490361647172,11
51948,0.0,-2965.5,17.660023617744447,20
51959,0.0,-2376.835144927536,9.104473932929661,69
51967,0.0,-2336.432471264368,7.176160247846582,87
51970,0.0,-4456.7171052631575,8.23863454868919,19
51986,0.0,-2415.6145833333335,6.4827574690183,12
52000,0.0,-2340.5208333333335,7.470651427904765,24
52003,0.0,-725.7354651162791,6.867997353853181,43
52005,0.0,-3935.970238095238,15.11542837203495,63
52009,0.0,-2336.2844827586205,11.233935705546674,29
52012,0.0,-2385.03,8.701813130378723,25
52015,0.0,-4446.566666666667,7.006594268480937,15
52051,0.0,-2321.2045454545455,8.388477422974326,11
52062,0.0,-1460.009375,15.44499888420105,40
52067,0.0,-1885.6973684210527,13.309935632504915,19
52080,0.0,-4293.1890243902435,10.97017780164393,41
52088,0.0,-2359.654761904762,8.078745972542535,21
52090,0.0,-2339.233333333333,7.286204671859741,15
52097,0.0,-2275.925925925926,6.857095462304574,27
52100,0.0,-2359.340909090909,7.9945407130501485,11
52101,0.0,-2358.5803571428573,6.3891550813402445,14
52117,0.0,-4044.4419945395152,8.509634824452341,20511
52126,0.0,-2273.6136363636365,5.892825863578103,11
52133,0.0,-2389.1354166666665,18.868303676446278,24
52147,0.0,-4461.678571428572,8.95920958750102,49
52151,0.0,-3213.5147637795276,13.281259125299028,381
52156,0.0,-2149.0816485225505,10.04169017414839,643
52177,0.0,-2882.903374233129,10.78835941311772,326
52183,0.0,-3120.4216101694915,10.25267707291296,59
52194,0.0,-4456.804347826087,8.16333896699159,23
52217,0.0,-2936.4886363636365,12.255697597156871,11
52236,0.0,-2904.6915322580644,8.944075815139279,62
52250,0.0,-2370.705882352941,11.856984473326627,17
52252,0.0,-2385.6388888888887,15.899727450476753,36
52276,0.0,-1893.4903846153845,17.238413150493916,13
52283,0.0,-3344.663043478261,18.318340571030326,23
52287,0.0,-2073.8344594594596,10.748751092601466,74
52300,0.0,-3421.323529411765,8.32357760036693,17
52301,0.0,-1777.375,6.944479124886649,28
52315,0.0,-3553.2386363636365,8.124666474082254,11
52324,0.0,-2055.96875,14.938133358955383,24
52355,0.0,-1883.4144736842106,9.509994142933897,38
52360,0.0,-2813.5403846153845,10.05222839300449,130
52368,0.0,-1843.8392857142858,19.882841723305837,14
52370,0.0,-1970.475,7.41066886583964,15
52387,0.0,-2703.061475409836,10.587627395254668,61
52392,0.0,-3391.7760416666665,7.529068291187286,24
52401,0.0,-3146.11875,8.055743086338044,20
52424,0.0,-2718.28125,16.71329641342163,20
52436,0.0,-2614.300925925926,7.433322073387624,351
52456,0.0,-2835.528125,9.519518256187439,40
52460,0.0,-2964.8,12.30696355819702,25
52487,0.0,-4442.188636363637,10.734420853311365,55
52496,0.0,-3283.778409090909,8.914711754430424,44
52513,0.0,-4421.75,9.993683728304775,11
52514,0.0,-3164.375,10.718704462051392,14
52518,0.0,-3310.8111595174264,9.391131306062116,746
52519,0.0,-3304.8382352941176,12.015729441362268,17
52535,0.0,-3510.6116071428573,11.04591257231576,28
52548,0.0,-4409.98,9.047198150157929,25
52549,0.0,-3291.4083333333333,18.28535531361898,15
52553,0.0,-1907.595238095238,13.259186012404305,21
52563,0.0,-2200.0381944444443,7.709473543696934,36
52575,0.0,-3366.83125,8.340422523021697,20
52585,0.0,-3460.9022373540856,10.76144797862272,257
52596,0.0,-1850.470799180328,15.127241524150136,488
52602,0.0,-2979.0872641509436,9.71566736023381,53
52619,0.0,-2277.9144736842104,10.9772468366121,19
52636,0.0,-3359.0813106796118,9.89748351087848,103
52640,0.0,-4383.78125,8.623253683249155,12
52649,0.0,-2827.3125,7.95228377978007,12
52661,0.0,-1799.6217105263158,17.192781849911338,38
52667,0.0,-4524.223356573705,11.115667031046403,1004
52676,0.0,-3043.654411764706,10.527648042230044,17
52681,0.0,-1188.7137096774193,22.101837804240564,31
52698,0.0,-2220.323529411765,17.12191671483657,17
52704,0.0,-2306.464285714286,7.230753523962838,14
52713,0.0,-3481.1147540983607,13.881835187849452,305
52721,0.0,-4761.425925925926,9.49392882099858,27
52733,0.0,-3380.1169354838707,7.300479888916016,31
52739,0.0,-2559.1022727272725,15.167767481370406,11
52755,0.0,-2930.285714285714,18.223592128072465,14
52757,0.0,-2104.4305555555557,7.251172224680583,18
52762,0.0,-1986.0760869565217,15.003158797388492,23
52789,0.0,-3317.060975609756,22.40325058960333,41
52800,0.0,-1763.3942307692307,7.8600502747755785,13
52810,0.0,-5089.906462914385,9.198919603637924,56801
52819,0.0,-3381.85,22.574856543540953,20
52827,0.0,-4909.545,7.156262626647949,25
52834,0.0,-2706.8187554019014,9.043166055207687,5785
52846,0.0,-2079.616666666667,6.971257940928141,15
52868,0.0,-1934.4895833333333,14.908736228942871,12
52871,0.0,-4715.931748466258,12.417338628710413,163
52880,0.0,-3281.0181686046512,10.312837239614753,172
52894,0.0,-2907.9375,8.734702672277178,28
52908,0.0,-3300.596153846154,10.62946524986854,13
52919,0.0,-3077.3365384615386,10.238022620861347,13
52953,0.0,-2836.048076923077,8.382517631237324,13
52964,0.0,-2418.034514925373,16.408039279986376,1206
52977,0.0,-3375.961711711712,13.766226467785534,111
52983,0.0,-3381.245,10.010504875183106,25
52995,0.0,-3339.7083333333335,7.8765615754657325,36
52997,0.0,-1884.654761904762,12.545110271090554,21
53009,0.0,-3080.620283018868,14.63719558265974,106
53016,0.0,-3190.079347826087,11.210853004714718,230
53032,0.0,-3146.776785714286,8.10039564541408,14
53060,0.0,-1937.7975,7.570852813720703,50
53065,0.0,-3057.7321428571427,17.279239807810104,28
53066,0.0,-2884.1145833333335,12.96747612953186,12
53069,0.0,-3879.8863636363635,14.569421768188477,11
53079,0.0,-2818.5333333333333,8.646697235107421,15
53116,0.0,-2937.3125,21.907816662507898,34
53125,0.0,-3166.714285714286,9.833271367209298,21
53129,0.0,-2780.252840909091,15.114881970665671,44
53161,0.0,-2690.0240384615386,9.82139135324038,26
53170,0.0,-2107.755681818182,10.247666944156993,22
53179,0.0,-3281.9545454545455,13.594692490317605,11
53189,0.0,-3348.3885869565215,8.599935096243154,46
53203,0.0,-3068.044117647059,8.266722314498004,17
53207,0.0,-3275.0,18.084353713102118,43
53230,0.0,-3218.71875,12.45063821474711,12
53252,0.0,-1504.8032258064516,11.562817865225577,465
53256,0.0,-1812.698275862069,6.558766323944618,29
53258,0.0,-2853.098643318193,17.686674275122247,4183
53260,0.0,-3441.5,12.940421509742738,20
53265,0.0,-1518.0555555555557,12.386165340741476,18
53268,0.0,-2818.8984375,8.537248713895679,16
53294,0.0,-1694.4625,9.115007982254028,50
53297,0.0,-1838.496565934066,15.128792283954201,364
53308,0.0,-3412.6826923076924,9.937094945173998,13
53316,0.0,-2746.3814655172414,11.385844823615304,116
53368,0.0,-2867.26875,9.345177757740021,20
53372,0.0,-3392.596153846154,24.358303510225735,65
53395,0.0,-3292.1470588235293,21.11729616277358,17
53402,0.0,-3438.9805555555554,8.527002660433451,45
53412,0.0,-4375.821428571428,8.637280279165738,154
53417,0.0,-2555.7386363636365,7.362669424577192,11
53421,0.0,-3015.4553571428573,10.259690472057887,28
53463,0.0,-2630.4192708333335,9.89280059436957,48
53464,0.0,-1547.545,6.940054054260254,25
53466,0.0,-3375.06609947644,14.532333276658782,191
53477,0.0,-3429.125,9.006132075280854,33
53498,0.0,-2936.0460526315787,16.983219924725983,19
53516,0.0,-3487.1460459183672,7.188107629819792,196
53517,0.0,-2129.3043715846993,13.579479917835016,1830
53520,0.0,-2895.9773985239854,11.136596132028586,271
53522,0.0,-2836.3382352941176,9.27946054409532,204
53523,0.0,-3423.8263888888887,14.728954739040798,18
53529,0.0,-3034.562703583062,19.22291295623546,5526
53583,0.0,-2279.4352678571427,11.911191173962184,56
53586,0.0,-2935.331730769231,9.762028850041903,52
53589,0.0,-3457.188128354373,6.27152333260754,13229
53609,0.0,-4375.489583333333,12.563647111256918,12
53646,0.0,-2681.0666666666666,8.73344628016154,15
53663,0.0,-2734.7403846153848,8.824414766751802,13
53668,0.0,-2812.7697721179625,13.69174372643845,1119
53687,0.0,-2432.8515625,17.253242433071136,16
53715,0.0,-2749.568181818182,9.958264589309692,11
53724,0.0,-3567.1470588235293,14.239521503448486,17
53727,0.0,-2940.828125,12.491778453191122,24
53747,0.0,-2684.7589285714284,7.4112435181935625,42
53759,0.0,-2715.0625,9.419853607813517,12
53766,0.0,-2356.139150943396,10.323855993882665,53
53777,0.0,-2702.730582524272,8.124141745352762,1339
53816,0.0,-2142.714423076923,11.183001696146452,130
53832,0.0,-2296.8928571428573,7.939073179449354,14
53867,0.0,-3013.635,19.22413330078125,25
53881,0.0,-2628.715909090909,15.528976888367623,33
53885,0.0,-3443.2329545454545,8.227914105762135,22
53894,0.0,-2313.0666666666666,10.096327273050944,15
53896,0.0,-2761.860294117647,22.26165030049343,51
53905,0.0,-2484.8636363636365,16.418225721879438,11
53909,0.0,-2555.487980769231,7.5803266030091505,52
53914,0.0,-2295.3285714285716,10.270052923474992,35
53931,0.0,-2561.0208333333335,15.577945828437805,12
53992,0.0,-2894.7989130434785,12.296565439390099,23
54010,0.0,-1587.848404255319,8.541371247711334,188
54024,0.0,-3983.3493055555555,20.545884664853414,180
54039,0.0,-846.7395833333334,12.092443923155466,24
54040,0.0,-2520.8020833333335,8.08808453877767,12
54056,0.0,-2937.136111111111,9.888835435443454,45
54084,0.0,-2331.1029411764707,12.609135178958669,17
54113,0.0,-3763.4003623188405,21.395539230194643,138
54114,0.0,-2397.057142857143,7.341915852682931,35
54123,0.0,-5038.035645285935,19.187285098907935,1294
54144,0.0,-3501.144230769231,8.422013663328611,13
54148,0.0,-2867.3295454545455,9.833681735125454,11
54171,0.0,-2335.278846153846,9.660200705895058,13
54176,0.0,-904.125,4.681441924788735,11
54198,0.0,-2354.3455284552847,6.4079941067753765,123
54203,0.0,-894.8026315789474,8.93550009476511,19
54210,0.0,-2322.6743421052633,8.26432564384059,38
54225,0.0,-2335.701923076923,9.474506891690767,13
54228,0.0,-3579.5,17.492679725993764,11
54232,0.0,-2971.3958333333335,13.836871981620789,12
54241,0.0,-3573.2456896551726,7.91813143368425,29
54246,0.0,-2883.7199074074074,11.658687751970174,162
54275,0.0,-2343.4326923076924,13.028220873612623,13
54282,0.0,-2424.40625,11.09650231897831,16
54285,0.0,-3584.6052631578946,10.10167281878622,19
54299,0.0,-3649.9880952380954,10.917230106535412,21
54300,0.0,-2075.35625,19.20491244792938,20
54306,0.0,-2832.71484375,9.13067502528429,32
54314,0.0,-3324.6428571428573,14.117100443158831,21
54319,0.0,-2520.596153846154,7.363723773222703,13
54338,0.0,-2439.28125,3.9094958352094347,440
54381,0.0,-2795.5,12.785251140594482,12
54404,0.0,-2548.972222222222,7.070170049314146,27
54411,0.0,-3664.80078125,8.339387096464634,32
54413,0.0,-2260.859375,8.259878149876991,24
54415,0.0,-3527.1770833333335,8.762104908625284,12
54420,0.0,-2251.5512295081967,5.447439293392369,61
54426,0.0,-4488.375,6.701920718341679,77
54434,0.0,-3438.3166666666666,21.787214088439942,30
54440,0.0,-2211.653846153846,3.4966206000401425,13
54445,0.0,-2991.7916666666665,10.057781899968782,48
54456,0.0,-3635.995,14.817280616760254,25
54460,0.0,-2703.91875,23.846249389648438,20
54467,0.0,-1015.8854166666666,7.182604591051738,12
